お仕事No.,応募数 合計
2203556553,2.5020171255527632
2203515280,3.9902409239901346
2203546900,3.6181801471890878
2203545344,3.860493274000628
2203557987,1.5006107933316146
2203511565,2.4219040140708903
2203525420,3.4191080955619264
2203494391,1.77707536138642
2203509988,3.3439350497069085
2203554385,2.05657216898191
2203554555,2.495238594434404
2203559938,0.4689298336204406
2203546898,2.344276941787077
2203537199,2.6129763437886595
2203509659,3.4962122803633378
2203526411,2.499051489078338
2203558348,1.540650575660774
2203527442,1.708238672397223
2203548920,1.736481050391591
2203539381,1.7491427748276995
2203548939,1.2969613785754215
2203514393,3.0683386784800013
2203540200,2.738127742473722
2203552261,1.4166781603865273
2203523737,2.4214559546810848
2203511772,1.7169142996694131
2203538462,2.975217483718172
2203545202,3.03164639472646
2203501746,3.259412031475872
2203551617,2.1912620245454253
2203554360,1.6328007913392892
2203467767,2.919201224201399
2203559180,1.035064547899185
2203526166,2.0723358533337066
2203495958,2.639057329615262
2203552588,1.3100656193937459
2203546087,3.0750123825324454
2203557223,1.9897263154686176
2203551388,2.391833914762664
2203553871,1.280103391501944
2203528893,1.6746810552455345
2203532652,1.3475854695800848
2203558645,1.151537466782846
2203517850,2.6827026610939844
2203526826,2.9751007252437294
2203557114,0.6745708841400324
2203559887,0.8223381556708439
2203536595,3.226857590820686
2203555803,1.5841740847970953
2203553962,0.7564305747205815
2203508238,2.1109342632280272
2203550996,1.970978604299965
2203558732,1.5604315654070957
2203523111,1.5905105790772538
2203542663,2.2057370673980086
2203531347,3.0214439049814645
2203504071,1.5873380002167625
2203548891,0.6971967498045575
2203556983,1.7912266095941456
2203526244,3.011178167067525
2203505822,2.1322976134287295
2203555760,0.46234282199803767
2203559881,0.4397057301678688
2203556204,1.3122305155432525
2203522916,1.4917811703852786
2203540706,1.608204279918482
2203535805,2.0282007214891062
2203550569,1.7908998094203048
2203560065,1.0115547985790887
2203554152,0.9178046854050436
2203558707,1.3739470166975942
2203536025,2.4185689489208957
2203556657,0.6465830518600622
2203554919,1.0966147117808804
2203548209,1.233236659988959
2203559357,0.5869855086815474
2203534402,2.030809590377183
2203549990,1.0363137173773054
2203556312,0.46263840489903335
2203550931,1.4382740875847264
2203506584,2.0794415416798397
2203556533,0.8301574393029639
2203554930,1.4570725288185071
2203550201,1.2413636435055995
2203557199,2.3093029840587804
2203545333,2.5220762534758405
2203470445,1.9918213799783215
2203552444,1.5485323710386008
2203547445,1.6699677185962438
2203554851,1.0096173022096684
2203551513,2.05861431665664
2203541013,2.1515773036221884
2203525798,1.6078923257552367
2203531242,1.9128529763830195
2203556362,0.0393862713528785
2203539995,1.2126226551164618
2203553418,0.617213417584018
2203556394,1.6167968180724208
2203536899,1.5660745917698464
2203558980,1.1500848511783277
2203520412,0.6783019094649982
2203555115,0.48795713051658346
2203559140,1.315584182971118
2203559289,0.6425551728950188
2203559337,0.5333590497233547
2203508914,2.537445969489713
2203537373,1.0495072871537625
2203520321,1.6117852052650854
2203545682,2.050363636271005
2203535788,2.6779867947564804
2203545476,0.6931471805599458
2203531107,1.4757850695915193
2203559834,0.19304818565997564
2203555325,1.562688842315876
2203505337,1.9331180766315035
2203554041,0.16473223309850782
2203534249,1.1282471288126394
2203512438,2.7405717521991515
2203549488,2.2046539217436125
2203519812,3.3573271454635245
2203537393,0.9480228265214892
2203470577,2.485891805127654
2203559873,0.09194708313432581
2203529749,1.2140487984749146
2203555033,2.091644496061784
2203530605,1.4892236156411707
2203558818,1.0356793045232682
2203552466,0.994397130730828
2203544503,1.5976353663925265
2203533521,2.3314759418864197
2203510456,1.239289311389542
2203540838,0.661811998908944
2203558540,1.0998450828265858
2203548293,0.9272940424280784
2203515868,0.8429815137584373
2203558121,1.2231076410206339
2203490910,2.5711009831926845
2203515598,2.2287773445491004
2203558605,1.4288647225520308
2203555034,1.0748261447133163
2203516555,1.801811844109708
2203520581,1.9924976443252211
2203550726,0.6931471805599458
2203549224,0.7283392213954193
2203560047,0.5291042220209106
2203553869,0.10030555612276108
2203530089,0.9973404531262955
2203558998,1.2697056819752144
2203553951,1.000383579350239
2203545409,1.5761739359995972
2203531747,2.506670026828445
2203551308,0.7044214803554039
2203546600,1.0208867395500472
2203526516,1.1840488415139931
2203516192,0.9705430818802249
2203505481,2.0213996289781218
2203539342,2.3023450803329863
2203553728,1.8975720038299544
2203559708,1.0457771740920294
2203559408,1.1813244413227537
2203555633,0.513078315727899
2203558672,0.14350424807377846
2203559311,1.3185424940613977
2203493732,1.3183025420385304
2203521177,2.9669320887263924
2203559072,0.9856265535220626
2203536923,0.481443543806375
2203544600,1.4239275433051504
2203537208,0.732692385149071
2203559431,0.3262619755708361
2203558069,0.425579405846254
2203543492,2.282516195291871
2203528382,1.7854822291083083
2203490372,2.1322976134287295
2203553404,0.9195078579994143
2203556405,1.3841109891475056
2203557773,1.9437262362445353
2203517069,2.6710431933413905
2203558375,0.5540410965501819
2203548832,0.37748579107046804
2203556721,1.3889221015084263
2203555367,0.6936449168460073
2203550740,0.0
2203556805,0.9462415646258171
2203558247,1.9484854564986478
2203529373,1.7567245393354756
2203555759,1.2430263090791747
2203552507,1.4422200226948798
2203526249,1.4677681993184246
2203558978,0.3056502206752839
2203485986,2.082696364538821
2203552678,0.6745708841400324
2203482084,0.857727416627753
2203557975,1.0546145225959886
2203506122,2.2497271438192814
2203543130,1.8730030296191744
2203531125,2.5903468834441385
2203537714,1.2014910553224656
2203512320,2.087920350842609
2203556876,1.632206995254345
2203559960,0.6465802078565042
2203558581,0.4740161776168479
2203549503,0.3413282264969259
2203539533,1.3862943611198917
2203504099,1.7029365958756852
2203521163,1.234573093406735
2203548070,0.8770924605029932
2203547727,1.0341548017005742
2203551817,1.500321816504038
2203456354,2.121211590269989
2203555568,0.862919959081998
2203558365,1.4815896011656713
2203548609,1.2962009213491743
2203555205,0.30392192068882995
2203551593,0.5147069104504962
2203523845,2.4403902886077327
2203536828,1.2136475016093287
2203559400,1.35847541684027
2203552271,1.5409868137315357
2203559030,2.506670026828445
2203557511,0.9779884861838817
2203559918,0.1823953311951026
2203529052,1.5045210348117424
2203541977,1.5128536069280016
2203548166,1.9317186746990742
2203508498,1.0986122886681082
2203544266,1.8918852610131696
2203559157,0.7002645518737743
2203551846,0.5377879889027894
2203557952,0.38263288731201955
2203537524,0.0013862943611198904
2203526654,2.5395590118088722
2203543743,1.6115162775201526
2203560023,0.9760254767995472
2203524319,0.0
2203559440,0.7944138081032663
2203551549,0.5227703637222397
2203553551,0.7277261196815118
2203546287,1.038084768944839
2203465599,1.3615743008127255
2203509562,1.5752294513773637
2203558894,1.1640030340428944
2203554790,0.6181634209695298
2203557095,1.1652970324552134
2203558970,0.5691751625844522
2203527260,1.4326892425669506
2203555917,0.4400530891379082
2203551251,0.7935241650878306
2203482674,1.8523312924274267
2203557736,0.24806352884905156
2203526057,0.8795483536410251
2203540404,1.745865120703355
2203536042,0.17870153087337384
2203535595,1.5958485942732588
2203549461,0.0
2203559081,1.3151559859579773
2203559837,0.6337981918550535
2203548827,0.0
2203530478,1.6819734231941603
2203558285,0.4590163671547425
2203553081,1.3085869954590477
2203518798,0.2195155908252116
2203543552,1.0564749983704669
2203559123,0.7513489122437117
2203555637,0.335090632547844
2203552948,0.09493573830790342
2203553994,1.0772467782088533
2203539620,1.1261046085267525
2203558606,1.5527113062002744
2203559294,1.4683147494152493
2203534113,0.7791308769652215
2203522648,0.8804579984275253
2203475337,2.4964172109646268
2203546472,1.5852931170978977
2203555627,0.9827915475432857
2203557490,0.048894119676755866
2203557525,1.0808923069586767
2203557478,1.112944420685053
2203557757,0.41219932461097003
2203559854,0.5926408393787536
2203555924,0.7367502660453445
2203540727,1.3356514911451232
2203529579,1.0967490052728603
2203557314,0.48878762930275094
2203543274,0.7414016057433809
2203542056,0.6728513710154548
2203553234,0.08974029410805107
2203557602,0.6181634209695298
2203543660,1.5354370193250875
2203559022,0.870511583632721
2203559380,0.7952399681065806
2203556112,0.5866038852134544
2203546486,1.3590672518278668
2203514164,0.022651841920543783
2203556194,0.7790092845488951
2203469907,1.4119093577264556
2203516439,1.1318408661080976
2203559877,0.7888655483975099
2203558587,0.514118833417922
2203556081,0.12209201928939287
2203539792,1.087477017385504
2203550991,0.885024142673301
2203539501,0.19537260976818513
2203525758,1.1470224989600912
2203549053,0.41219932461097003
2203531586,1.1040712775779353
2203535877,1.2017748561804702
2203556979,0.34566004034278086
2203559459,0.7705099167268782
2203542731,1.7086522291350732
2203559406,0.9560543056182473
2203559615,0.19519737750015295
2203559941,0.4640396897213451
2203506697,1.0575646978984659
2203555403,1.730575049835543
2203524536,0.021287552231822618
2203554563,1.4926915809923056
2203527460,1.856149095017465
2203559075,0.23684376364455278
2203503541,0.2278726913695236
2203545613,0.6444114484404673
2203527273,1.3475205827435295
2203559744,1.3106632388071722
2203558556,1.2691054507090356
2203513202,0.8986994525240294
2203559899,1.3475492998288456
2203559115,0.7475528916120225
2203559211,0.35782186290947204
2203559482,0.0
2203523505,0.3060851769288827
2203506216,2.0989020176139843
2203542350,0.9927684784519601
2203559339,0.5923095290412685
2203522439,1.879057470589977
2203554486,0.83630638042549
2203556373,1.0418336121045115
2203556760,0.8777842464981113
2203505364,0.4313608083047031
2203524806,0.9685597363617728
2203557581,0.8128724986155409
2203507681,0.7954242338492595
2203551358,1.2347243114726654
2203559367,0.7812020459699791
2203508367,1.5296346043041598
2203558431,0.898579061578753
2203535000,1.6222227451734907
2203533207,0.8040525947174624
2203550112,1.0891078687461095
2203543569,2.282516195291871
2203559865,0.04884949319723662
2203537305,0.46584496264979597
2203559643,0.24664744852187936
2203553957,0.52033944652777
2203548372,0.010986122886681098
2203555713,1.3470061614149536
2203537434,0.3112436666442501
2203509817,0.30390360233497365
2203557320,0.30848099264414236
2203542564,1.8315806886025527
2203523823,1.1631587880099716
2203547782,1.1556162636560934
2203558893,0.6959556214400336
2203458790,0.5905928102711019
2203527092,1.4326892425669506
2203519871,0.693837468583404
2203532497,0.8777872587810571
2203511183,1.4647081760563183
2203554078,1.1131954211012647
2203554460,0.3467838062787588
2203547835,0.8790272405083092
2203550228,0.9169577768249232
2203538439,0.798185788264129
2203483712,0.6236408848451057
2203556748,0.17739442038954015
2203526613,1.8918852610131696
2203549194,1.0464876245273333
2203528287,1.2904957470524474
2203532110,1.970005715813519
2203548501,1.6758808650294095
2203549116,1.3662274756572412
2203558575,0.503087273625649
2203543239,1.078284019469127
2203523230,0.7567707852065289
2203558050,0.2972470922459042
2203558982,0.13892196154698977
2203551902,0.5355008524949284
2203555570,0.5059450011222776
2203558910,0.19419418491917592
2203558938,0.9121041084123572
2203557198,0.507767404392924
2203496246,1.4850910909144996
2203523813,0.10768434791040475
2203554046,0.26491916134537746
2203505049,1.6830196309983005
2203553237,1.2404026076203416
2203557075,0.7534714679764494
2203556406,0.5075454099402529
2203532048,1.4337297164346563
2203549151,0.7687914965127426
2203545207,1.3477115208370896
2203549069,0.2889868496162268
2203513808,0.9280214744609566
2203469528,1.8276301003428645
2203546408,1.3681775634801125
2203514900,0.28239680935025324
2203541528,0.35920152165279295
2203553753,0.6440511060900033
2203558954,0.06846749346320424
2203559195,0.7623793779255803
2203560058,0.11189785823766764
2203554380,0.6895723441489905
2203554766,0.9549260623552835
2203557374,1.4768830534960309
2203557269,1.5464095944969003
2203544974,0.20574857733970983
2203558993,0.9387384027726285
2203518467,1.149502456516818
2203557913,0.35975216978358693
2203520201,0.9999898604214579
2203486982,0.3522068643752723
2203557018,0.09460255913274004
2203544231,0.6828159879081264
2203557066,0.26356930787019855
2203552598,0.11015751335528198
2203555081,0.5920097313408922
2203555507,0.8418328839094887
2203559928,0.5077995023386168
2203557261,0.8678019755284534
2203558679,0.8010883812339928
2203555702,1.044308395932282
2203538889,1.4413791424709377
2203558383,1.0384155225377796
2203559646,0.43488718823393585
2203558972,0.22278402463039287
2203556144,0.7509997276656774
2203555831,1.3596033346500258
2203520970,0.5833425422636475
2203539780,2.7171459540180196
2203550020,0.8112198207881768
2203547057,0.8997561954760128
2203463050,1.0631013567637182
2203555027,1.1141448050265739
2203549402,0.8092150743945602
2203528278,0.9590335297998135
2203535002,0.6956847168605782
2203555445,1.5353177059927525
2203522707,1.464932616454687
2203559053,1.2422705802200065
2203553655,0.1796335974735306
2203506496,2.1740693747673676
2203555003,2.134042406016754
2203552342,1.629225248710676
2203558839,0.41316891710353715
2203541284,0.8233003985738341
2203558250,0.5227974726076675
2203559982,0.24938089344475245
2203549888,1.6721971169859378
2203556761,0.4225831779156184
2203550446,0.693093001379566
2203556496,0.6959330629599243
2203546251,1.7025024620797526
2203524599,2.3531619326436215
2203559861,0.6238789990856869
2203525279,0.8796367596128476
2203546181,0.934759935275618
2203556451,1.2396775899571109
2203556295,0.865735399980035
2203556473,1.1165896090766445
2203555735,1.5130674764652658
2203534907,1.728568855463169
2203552513,1.3534202184902548
2203555896,1.0764001275496995
2203529997,0.7402331069450139
2203520119,0.0
2203505681,2.13322931632868
2203497651,1.5943203357890503
2203553229,0.4947523620087872
2203547103,1.4577645917910822
2203531961,0.34603741570170676
2203554645,0.18800792097473562
2203529725,1.0032308820985631
2203517277,0.36047099078284234
2203549163,0.6684307224796895
2203552325,0.760758155356027
2203559497,0.2167040193245411
2203539539,0.37351003552649636
2203558594,1.7227446787947716
2203554838,0.8621095169079657
2203548116,0.30402068935433346
2203532052,0.38196745849795155
2203556972,0.8020097360725323
2203535668,0.5819789216165508
2203522931,1.587971154626118
2203553691,0.8151141288098422
2203528626,0.6817573087062772
2203553185,0.49858332903226943
2203475161,1.2569925241000595
2203559714,0.2935470301717038
2203540878,0.1960038688076236
2203524528,0.5237943280184364
2203554344,0.7504704947378342
2203535014,0.03785515296227219
2203538928,0.03668763911822595
2203557932,0.8692527974104494
2203553715,1.8867530462971331
2203554328,0.7308566764662341
2203557195,0.9723180484040946
2203505378,0.9856351341118098
2203556513,0.49023434501267643
2203512702,0.8800667645380845
2203553378,0.5364695832006957
2203506655,0.38222275115898996
2203558125,1.113298319791411
2203520326,0.2987207605575379
2203548273,0.3106555741108139
2203513363,0.9438910387078185
2203559959,0.5548687348887431
2203557996,0.8861615203337122
2203548888,1.0292806122453992
2203553977,0.6393059581506366
2203558094,0.041319830199365054
2203558353,0.6281992524625182
2203559601,0.5644028151153242
2203520977,0.632393995087504
2203554293,0.15874020007569778
2203486542,1.147291895332999
2203541308,0.963744516848321
2203554130,1.5526692192514602
2203531237,2.1839184914060525
2203552621,1.3556695996972044
2203559914,1.2631280414834913
2203540103,0.17870153087337384
2203527261,1.4326892425669506
2203514679,2.32665526425619
2203521500,0.8652716983807379
2203499629,0.714104322837315
2203556821,0.8342152643875729
2203549201,1.3843789102558142
2203547263,0.0
2203557553,0.6294159732637689
2203547620,0.08030183529142536
2203553168,1.1565952265919506
2203559943,0.3182499106615411
2203557843,0.29738712563970326
2203557273,0.4760662917504531
2203550609,1.9441364365888603
2203532941,0.7000447103732861
2203511306,0.17870153087337384
2203550145,1.3611090861841908
2203552819,0.19060020954496548
2203553811,0.2466808548211386
2203559471,0.17514652197608985
2203558829,0.3814576233658684
2203540681,1.066474567036366
2203556912,0.22337081081434196
2203556778,0.26870589000933304
2203538907,1.3662274756572412
2203511955,1.1615891073063158
2203530633,1.3460636241922106
2203550674,1.1540338720556702
2203553681,0.024847769081923127
2203538266,0.32745448900161284
2203509354,0.2915190928177324
2203556135,0.22050491387529475
2203487614,1.2286897712348388
2203547414,0.6931471805599458
2203512219,0.5377436970886221
2203557407,0.3022338700709961
2203519997,1.0436816742347028
2203559988,0.35198885811367203
2203550355,0.0
2203557489,0.048894119676755866
2203537466,1.014778811285896
2203534778,0.19384125575942973
2203515624,1.5845968540036424
2203495418,0.25067691233384665
2203555310,0.9752310325967553
2203542952,0.3680756489038401
2203548163,0.3773988370865873
2203553680,0.3341469840270822
2203541989,0.9111784991909099
2203482013,0.8857790850760545
2203550200,0.31400696532147054
2203491945,2.269976131194525
2203551819,1.1955482366249393
2203477830,1.0248367842816182
2203555199,1.0415236307869706
2203542016,1.37465643001454
2203547049,0.3854289523067596
2203552388,0.7208549953489909
2203547021,0.017595274583444766
2203558690,0.4599037018401269
2203519656,0.9815604888433246
2203559989,0.47466825604597096
2203559218,0.13677514301775856
2203531179,0.4600760067939193
2203555578,0.685105816783231
2203547544,1.2869786268804222
2203550694,0.022991639994134578
2203516170,1.2024379350020031
2203547546,0.4884097059911989
2203510095,0.010628256768585826
2203544019,1.753914637351587
2203549605,0.6049878010978454
2203526934,0.5185500150156725
2203545494,0.0
2203556676,0.20130956960749624
2203559489,0.3934408552119113
2203555756,0.8801921173554903
2203529559,1.4952640658542569
2203549174,1.0750968913888828
2203557708,1.1717078521316013
2203558678,0.9758601465055008
2203549940,0.011610215274379084
2203538564,0.3915545070005379
2203558976,0.15647491790841442
2203533429,0.4415645428807459
2203559937,0.07736378847379805
2203554868,0.12941292851062475
2203555231,0.33051757933599674
2203552883,0.5025656817235753
2203548661,0.3241290744863652
2203549689,0.0
2203522447,0.6931471805599458
2203532036,0.30956723247341117
2203489112,0.0
2203545639,0.0
2203536003,1.6320451744650293
2203544653,1.6032461775205622
2203545872,0.6461237564026783
2203555687,0.4148062198005701
2203550837,0.22129577933752798
2203555449,0.6246678682228454
2203558890,0.1825803957444544
2203512949,0.79508786649014
2203540785,1.3532363959415583
2203543835,0.27312474439706713
2203539017,0.008191739406617535
2203556322,0.25903612036369006
2203554635,0.6264695258170511
2203499854,0.7334597095879424
2203557986,0.7117064285462559
2203556134,0.4219253440780441
2203496895,0.12376888568479957
2203558841,1.8420553440764404
2203517183,1.4839546694790595
2203555977,0.2576160800580366
2203554326,0.7653056831531236
2203549880,0.43889419332883794
2203559430,0.38051354151751476
2203557942,0.7430751733222142
2203548313,0.32864201892443146
2203542584,0.40620628055417135
2203554438,0.8262169002608006
2203557352,0.8677354464135179
2203558782,0.3854688055440494
2203559496,0.0988299358688687
2203559490,0.49105644635552603
2203518480,0.8546800759760125
2203558113,0.263383987480323
2203558603,0.6087233765138063
2203552252,0.17705561658051355
2203559284,0.4650636528724044
2203535953,0.2935470301717038
2203557499,0.15456507155766597
2203509078,1.4971358487908777
2203553855,0.08157355138613925
2203560024,0.14370209348312785
2203528576,0.6025655078315777
2203559183,0.8183912443263536
2203558784,0.6742942358555547
2203555173,0.400248731833788
2203556957,0.8804656364951237
2203559249,0.44911276262877065
2203513046,0.9424409184547108
2203548828,0.3476061556853125
2203558340,1.2733385847423713
2203532960,1.4643821774787742
2203526979,0.6765869195402459
2203559929,0.07736378847379805
2203556516,0.656626557626404
2203543330,0.40470240744492
2203559955,0.22256278707138322
2203540313,0.23987843498663822
2203553308,0.316091207940563
2203558768,0.5909631417543775
2203544770,1.0986122886681082
2203530566,2.1521021562095317
2203559325,0.1520936814508611
2203529112,1.2535309988047374
2203559994,0.33758324279370383
2203542232,0.5933668496472423
2203464630,0.0
2203558215,0.5869020379393428
2203506119,1.700212169780809
2203525682,0.21056378840503906
2203521159,0.05556208799840521
2203475785,1.3256746426291601
2203552319,1.4203079089647488
2203559645,0.11585518056253699
2203473183,1.8030190755456368
2203559045,0.06681483857717813
2203479622,0.5387001550245558
2203557162,0.13146081525092643
2203482114,1.2465293018298764
2203559703,0.6600520286076431
2203557497,0.24443788089038393
2203498524,1.1141680787329167
2203555497,2.002183091260601
2203557923,0.6118117247362614
2203504202,0.04474708170604611
2203539329,0.2801516097316088
2203559935,0.21803792212670758
2203555200,0.33051757933599674
2203554271,0.903521639364992
2203537632,0.6927989420081367
2203537586,0.09327261288776605
2203548848,1.0561559790896984
2203554428,0.3332970533452925
2203548725,1.6242785052933417
2203559444,0.6542625187990077
2203559175,0.12073006896448782
2203508371,0.12927210325580074
2203559669,1.003324022096869
2203478670,0.3105253460425794
2203526260,1.8784792620814066
2203554896,1.3454009305318477
2203556096,0.3492407539305908
2203553829,0.6631373783218425
2203525993,0.09327261288776605
2203557605,0.12512753696734874
2203559067,0.9369478946741404
2203555365,0.07939314820622807
2203508717,0.0
2203555975,0.2576160800580366
2203558772,0.24719713971895416
2203559895,0.2666079044092083
2203559008,0.13415388957877583
2203557802,0.13643447004021586
2203559315,0.26843628137118686
2203556515,1.4149554986762638
2203554744,2.4073320308164425
2203555016,0.2276945031721162
2203559415,0.03364853914213034
2203554556,0.2486798148647015
2203538005,0.7189994279659147
2203551368,0.9378260885820796
2203528403,0.34064259114259665
2203547046,0.044243938538505105
2203535039,0.798185788264129
2203539333,0.2801516097316088
2203557671,0.5510611797880202
2203559773,0.714642555911505
2203454651,0.867951862907169
2203542059,0.8924320768173435
2203542728,0.9276931908588949
2203554662,0.17530474383313044
2203547922,0.38910159655529675
2203525290,0.2977530168984834
2203545328,2.136943827683046
2203554549,0.46950562637700366
2203556052,0.24556606036795206
2203557535,1.115870813453318
2203555049,0.18491825325072866
2203551731,0.2406349052790063
2203556347,0.30256109320349134
2203559419,0.14417341350682344
2203556172,0.5457373270275423
2203559848,0.15105176271708404
2203544329,0.0
2203545558,1.5847784170149557
2203559986,0.6409060994855996
2203511015,0.611638301249122
2203559254,0.6185187865762826
2203527284,0.9501911783209078
2203526383,0.707315874288101
2203555834,0.004951051289713894
2203553765,0.8589296050066055
2203549762,0.7319939291489465
2203559122,1.4058337142564912
2203527789,0.37098110330589296
2203557675,0.6863406470494057
2203559352,0.13542337667870027
2203550384,1.3766087283742985
2203522917,1.0906645839021045
2203546400,1.094463827537716
2203548825,0.0
2203517343,0.053926504080638364
2203547254,0.3612206075961549
2203546728,0.0847896963750297
2203513103,1.0309023983761285
2203516496,0.902617505546527
2203552740,0.46127422843271815
2203524515,1.6676899355978012
2203518288,0.08864231640683096
2203524540,0.002772588722239781
2203557507,0.7295914824379635
2203559245,1.043485560399753
2203535511,0.2342342365163644
2203551338,0.10632773779711947
2203554677,0.5918560835368311
2203488009,2.397895272798367
2203458559,2.0401928709598103
2203549842,0.004951051289713894
2203558413,1.207185625881304
2203552843,0.34690942264412394
2203498842,0.45528217309779073
2203553998,1.0937168200442706
2203558152,0.07298324157380319
2203472261,1.8111465012461254
2203559622,0.1153829475626614
2203555978,0.06153085607948268
2203526995,0.7046371530755055
2203558966,0.13633608193822
2203555493,0.2550803783286384
2203504931,0.25067691233384665
2203542382,1.2819679766621053
2203557505,0.16663436881266375
2203557806,1.500819591620488
2203559170,0.11187105680468347
2203511884,0.0
2203537277,0.11446202071986626
2203554091,0.6167851667855814
2203559488,0.6299170342931901
2203559438,0.49059154507332287
2203504248,0.845425869197493
2203558516,0.3831075592784151
2203546550,0.3369784607769208
2203527135,0.2317107390687911
2203516776,1.9292168778564145
2203558625,0.1764584298126096
2203531749,1.922316142924212
2203502245,0.0
2203554566,0.3487567553316524
2203559450,0.18592292355266038
2203558759,1.4759608577397776
2203554577,0.5757517736706846
2203501643,1.679786505453013
2203556571,0.32092250344032
2203545621,2.1025253767141
2203537860,0.7535549546761922
2203553242,0.21809381323035504
2203504615,0.5045103348909292
2203534781,0.5528349903168863
2203552998,0.6065484084329748
2203552955,1.1385698228369767
2203524680,0.35034397119820065
2203543579,0.356394868005013
2203458546,0.006931471805599453
2203556140,0.47607658851458906
2203541248,0.5395113703628608
2203520600,1.33864425563139
2203509713,1.5126183764802041
2203520539,0.6481545263219398
2203547977,0.0
2203554742,0.17109873892085356
2203523016,0.34315890802525734
2203530797,1.0986122886681082
2203534322,0.9091381053228347
2203512491,0.25067691233384665
2203527946,0.7766569155001299
2203543537,0.8307038888924965
2203542194,1.7173424672918611
2203557619,1.0868119813282344
2203552142,0.5082601416896503
2203546405,0.2296129608395799
2203556403,0.24719713971895416
2203507195,0.7462188627680182
2203506275,0.45858012337355025
2203559099,0.30219698072670265
2203531553,0.0305670954964965
2203528912,0.01945910149055313
2203536852,0.5508057511255626
2203532877,0.4670161646544128
2203550069,0.6847876141688678
2203484767,0.0
2203555314,0.7222105737074962
2203552663,0.49574648871694904
2203545968,0.0
2203552432,0.4001683697543878
2203558920,0.0346663930502495
2203551380,0.3706763687256919
2203558447,0.5452755908372456
2203542614,0.24925781288466842
2203557689,0.3959658643133567
2203525027,0.0
2203559677,0.3724195171244624
2203534160,0.26126544280195096
2203551658,0.5146355040423728
2203480969,0.40907032216599065
2203558498,0.9787041284840573
2203559624,0.3154617306062795
2203555728,0.3116476954126397
2203551828,0.9935306047941426
2203549390,0.0
2203544021,0.3859640985598615
2203549302,0.40816672465742415
2203533690,1.0920585547764838
2203551917,0.37877719297171447
2203552911,0.6671583927066138
2203553972,0.0504682965297155
2203546681,0.8589296050066055
2203547634,0.2599015418299673
2203528921,0.0
2203528582,0.7618175558756458
2203504257,1.8769960167700168
2203558531,0.195524675395198
2203553336,0.36503590321105245
2203550071,0.6076700274694903
2203558349,0.6197744912522613
2203546160,0.04072239685789678
2203524010,1.263858925590584
2203557688,0.6128893001893359
2203559033,0.8582356506255535
2203541143,0.0
2203545924,0.5589257198964422
2203555757,1.1338950781540802
2203536161,0.7851172547696221
2203528436,1.1293573760396183
2203531707,0.07992262933406435
2203559394,0.5847046655977994
2203521896,1.234478337707951
2203559609,0.5403055853919552
2203500104,0.6930508347435297
2203556253,0.4553852039307824
2203541885,0.7877791399496005
2203556117,0.8558804636422254
2203556799,0.22739783386369206
2203499027,0.7346034894494745
2203558758,1.4898217349958287
2203549683,0.33793882411022275
2203559275,0.09051882589656865
2203548286,0.07810848243791152
2203558969,0.11277973740319877
2203546961,0.45400471278659327
2203552421,0.16004654795806603
2203527685,0.2317107390687911
2203557069,1.4775037322191924
2203557115,0.4193558780230825
2203544027,0.704133303446627
2203518019,0.4576764955394378
2203560004,0.14641437633903004
2203558241,0.0
2203543339,0.6716871238030858
2203485725,0.0803675641353388
2203552994,0.2790437939202501
2203524157,0.7419179935416319
2203559638,0.17977609162498773
2203552943,0.5153878640666836
2203555685,0.6201708331617307
2203557098,0.02611006774803997
2203554463,0.8046785125823287
2203555014,0.7824442360970163
2203532725,0.9977283944724161
2203559243,0.277518399305648
2203545616,0.053886311390423075
2203551830,0.4294332640017162
2203552181,0.7069393088885427
2203504372,0.48545121089045273
2203540783,0.20121897616612228
2203528232,0.6987724660311442
2203487352,0.6493075763099502
2203528828,0.6931471805599458
2203544755,1.0111577451182543
2203523556,0.9355725988411026
2203510171,0.3113263559998323
2203557733,0.18955721826572394
2203547043,0.3854289523067596
2203543628,0.41371675334382213
2203559383,0.2099153266603398
2203557910,0.16437633196337803
2203536681,1.4618943636569568
2203544146,0.056618312273544164
2203554502,0.2060087905276946
2203555064,0.3307816106076576
2203556737,0.49513568607748404
2203557710,0.3795590385101195
2203547050,0.2060225045796884
2203531475,0.06896814446571456
2203558783,0.43465666393597596
2203557165,0.12397444774048905
2203556639,1.996980242598571
2203557236,0.2235154754341892
2203559766,0.1193811412015845
2203531720,0.3054718147891596
2203468015,0.10949069888022342
2203559481,0.6355287854569015
2203452010,0.6931471805599458
2203555830,0.08249609583854883
2203537276,0.019269145052641098
2203559516,0.46651573516889144
2203528164,0.0
2203535982,0.0
2203545031,1.0246436804492502
2203536410,0.6931471805599458
2203552639,0.03989764537881672
2203558345,0.2982265161732976
2203560025,0.014451858789480824
2203559312,0.4258045550429751
2203555229,0.26085254889246434
2203550026,0.02302585092994046
2203527950,0.4646369094513003
2203556642,0.1652378671290425
2203474123,1.1759597474966388
2203543629,1.316913230752258
2203555639,0.8593292810649104
2203556762,0.45576132344118536
2203546409,1.1341715705248598
2203553735,0.35958060654379886
2203526198,0.032375230495055515
2203559948,0.758656739114552
2203555916,0.37105358758675017
2203518520,0.0
2203493222,0.0
2203525125,0.4742049765747202
2203541897,0.6931471805599458
2203512278,1.1008578938829188
2203535554,0.6931471805599458
2203556077,0.08410376311734144
2203556207,0.12075886817486822
2203530803,0.7774515796427385
2203529785,1.3767592166239886
2203553042,0.38376324566688264
2203552257,0.4667191015770299
2203547116,0.6468652524283449
2203502462,0.27312474439706713
2203552790,1.4044371567108624
2203534469,0.650289053228954
2203522142,0.7042423474999059
2203528411,0.670591467665153
2203556795,0.05250767392647296
2203558913,0.38070128115304896
2203549667,0.007324081924454066
2203556635,0.7970502893874156
2203549659,0.007324081924454066
2203547644,0.5381151215363914
2203556720,0.9018490788933291
2203540946,1.8921214536286213
2203541067,0.27607037341028656
2203553578,0.32240416161141916
2203505553,0.8840360326007063
2203550716,0.023978952727983706
2203556161,0.3287832679684249
2203543626,0.0
2203513605,1.526336995231044
2203558248,0.22817994402926892
2203553277,0.8437303965645174
2203552642,0.03989764537881672
2203554032,0.6249147351344081
2203490579,0.3545970663897064
2203554477,1.2304438963518023
2203553515,0.892128413651439
2203532214,0.5016632131265557
2203552814,0.3679116468597888
2203534136,1.0182450991392553
2203557696,0.11844006909544948
2203554433,0.31938482598422857
2203555693,0.5657956830480732
2203461942,1.0986028926424332
2203532677,0.0
2203530420,0.17018496309213035
2203532227,2.0776769572900387
2203549998,0.3438600552724237
2203486508,1.0182450991392553
2203557703,0.11844006909544948
2203558347,0.10590179161629763
2203539661,0.6837861981361207
2203557450,0.3108418466352578
2203553516,0.612267199509317
2203510468,0.6931471805599458
2203553533,0.2916446782063237
2203541475,0.006931471805599453
2203513469,0.08882271708199624
2203559120,0.679162064849551
2203558409,0.24052267087369927
2203559273,1.1228334552136385
2203556281,0.3385695483964239
2203559116,0.6742285817750718
2203557044,0.1583630288482327
2203494515,0.6931471805599458
2203559057,0.0748017084241176
2203534601,0.0
2203541463,0.5056223664124103
2203558071,1.0216694007940843
2203537976,0.4667759507016798
2203557247,0.4985815400117166
2203555549,1.720062007018349
2203559163,0.227326678590733
2203534306,0.0
2203511479,0.9139398000813386
2203558756,0.598185991800992
2203555720,1.0473222656383685
2203559947,0.009241962407465935
2203524523,1.1008578938829188
2203528024,0.0
2203528844,0.6931471805599458
2203521672,0.0
2203556643,1.1393745131946371
2203542635,0.2935470301717038
2203558519,0.32709598538030976
2203518537,0.10059227797471408
2203557289,0.6364562120418099
2203520263,1.1418740519793227
2203549986,0.2735826013913108
2203540992,0.951143913905407
2203556982,0.045712512004405736
2203500218,0.9458605345357946
2203553953,0.22947153407545978
2203471877,0.3024802787666639
2203498672,0.7816120016831525
2203559991,0.16826376400134976
2203556774,1.420247546340928
2203511141,0.3796102979980155
2203543344,0.3311357823097199
2203559359,0.3813887778836545
2203559303,0.09775552788833233
2203536279,0.8532898083774278
2203543362,0.3510491175215737
2203553922,0.718520571596626
2203520398,0.004043358553266347
2203548036,0.24935740724835956
2203541816,1.6669702838389182
2203554571,0.18574955261030973
2203473751,0.6931471805599458
2203546684,0.5415796702342714
2203534856,1.737093992408472
2203557658,0.8554176457265104
2203508952,0.5448724214971705
2203512796,0.0
2203554863,0.0
2203553233,0.17985967424557983
2203511143,0.6747120092137348
2203508922,0.5339805892633762
2203559583,0.5850101183349374
2203554610,0.6847876141688678
2203542053,1.3749803738955664
2203514263,0.011808071665114757
2203551631,0.1082770914381935
2203552574,0.054526852127874996
2203521099,0.0
2203545218,0.5433472980874485
2203539685,1.4363660911497376
2203553673,0.2935470301717038
2203494130,0.0
2203554679,0.6070382121676986
2203545452,0.7038965878109239
2203559479,0.183603162692982
2203509969,0.6213798307036346
2203558530,0.41048844513105065
2203559001,0.5475943756266795
2203556590,0.36482126777032653
2203557003,0.6424667909119699
2203519756,0.7012607281668157
2203559291,0.23853514854868135
2203557466,0.8798244386761966
2203551550,0.2576160800580366
2203491918,1.9792972301319027
2203557542,0.8234411178321267
2203512875,0.8329848677851723
2203552645,0.1230498609835056
2203558694,0.3716091956291573
2203524794,0.0
2203549695,0.6958982647159775
2203554589,0.6779680383887728
2203548975,0.6636497445868731
2203557445,0.3799617815064834
2203558545,0.09226993713257356
2203558171,0.5451132874793365
2203523114,0.4820340200060786
2203553651,1.6161156239493388
2203520312,0.9518642745998865
2203558462,0.11531157413844374
2203550024,0.0
2203560003,0.3167747287052683
2203540059,0.0
2203540155,0.20674176199586008
2203552287,0.7313188956102198
2203558578,0.3421782981204949
2203553039,0.2845385972087419
2203517265,0.8956448392084291
2203559916,0.15565204195047522
2203554663,0.7846385304823614
2203532701,1.5304337171899034
2203559484,0.23993846689259676
2203555165,0.2167669857893137
2203559863,0.24402993282499674
2203543568,1.3862943611198917
2203537868,0.5470526701952807
2203555695,0.060992228487624894
2203555083,0.819002267626674
2203554175,0.1219460704496307
2203532632,0.3914584520039634
2203502281,0.9938895391890852
2203554586,0.15254108902553393
2203504092,0.006591673732008658
2203559568,1.0510898626793457
2203544528,0.3301416015243064
2203528260,0.42032726803834775
2203557559,0.2968867424180105
2203553547,0.5079158302932242
2203531345,0.6521199472949575
2203547585,0.40454938143528724
2203534391,2.1657034665149895
2203559961,0.33065192160726364
2203554252,0.18722940641097757
2203546370,0.902617505546527
2203557634,0.09212690659583041
2203536811,1.0672362307995173
2203514442,0.35825538507219334
2203546191,0.013862943611198907
2203557807,0.13562958471099631
2203521749,0.7433364652049483
2203472822,0.0
2203546690,0.3928274116620999
2203531890,0.21047846708547677
2203525487,1.423458752482772
2203495851,0.0
2203555017,0.10425116042161524
2203557284,0.982256224464574
2203535800,0.4820340200060786
2203557548,0.5148218958238822
2203556181,0.5412264955169446
2203558009,0.24995231743208499
2203559872,0.2857039672261652
2203527900,0.221003353656635
2203549720,0.00438993214354632
2203559621,1.0983639430998309
2203535746,0.6563990446163244
2203559770,0.19902555055144217
2203504007,1.3878099038299312
2203512333,0.0
2203545402,1.0986122886681082
2203555915,0.40987196324019737
2203553376,0.1614997636731863
2203553053,0.24723986738113854
2203558958,0.7109744946053251
2203558948,0.11241735843151172
2203556814,0.16183045925847034
2203555746,0.6015282610664375
2203550245,0.30621398300542607
2203548540,0.3431216072974222
2203559521,0.14964850575598926
2203555872,0.27112205857452226
2203557914,0.22436641522543266
2203559629,0.07521906540207389
2203553486,0.0
2203551903,0.24940825607604603
2203518119,1.255719751006658
2203546304,1.4835587506492702
2203558908,0.37183241947161044
2203555384,0.24096447486206393
2203548093,0.0
2203544794,0.6436654168853344
2203557693,0.258584724940334
2203541864,0.006931471805599453
2203524269,0.1268596496982273
2203544840,0.5671881056011829
2203537419,0.006931471805599453
2203551484,0.593364899291082
2203546297,0.24501656721242038
2203529454,0.6035935104966282
2203555206,0.26805474160908266
2203488494,0.6862157087543465
2203446654,1.2613265698743372
2203514688,0.0
2203527596,0.6903465692442591
2203532589,1.4299865877124822
2203559049,0.09237334359733321
2203541728,0.0
2203529124,0.0
2203546360,0.3710874102817371
2203488190,0.8262869673915871
2203554359,0.5343547559845865
2203471831,0.3534192748771852
2203555879,0.9073980685488912
2203556869,0.1700236479013595
2203557789,0.40470240744492
2203517446,0.39087253947074396
2203511130,0.0
2203553224,0.25245558765709214
2203558194,1.2489398445277744
2203503511,0.0
2203558197,0.006931471805599453
2203554619,0.218437746053431
2203545978,0.3167065318687755
2203532758,0.0
2203551284,0.5020327079346164
2203558163,0.0
2203555284,0.2722952643666364
2203559376,0.12151824199783308
2203504054,0.46957516560332296
2203557700,0.09212690659583041
2203554876,0.07799529424710917
2203485708,1.1005927091839938
2203556793,0.15603689423128317
2203545118,0.2634645196998638
2203542204,0.043815013568063436
2203528762,0.003662040962227033
2203559130,0.2394382077942156
2203537926,1.1464551696825962
2203522157,0.004158883083359671
2203553927,0.7811762659507479
2203542230,1.0037219715329444
2203550149,0.010986122886681098
2203555887,1.1583867972468105
2203536002,0.0
2203556212,0.0046209812037329686
2203508414,0.5419883978133319
2203558002,0.19805487620454054
2203556475,0.4050428403317589
2203539407,0.0
2203526311,0.6563990446163244
2203559215,0.02783507611807291
2203550696,0.7872881362347153
2203559637,0.40379649621095726
2203508671,0.008958797346140275
2203557521,0.16851654346785047
2203557941,0.68031121529373
2203559108,0.4160765132296252
2203550697,0.0
2203557926,0.8263157206577776
2203531077,0.4482338137765884
2203556954,0.07297675901822157
2203553403,0.29995356205807433
2203550039,0.8042218398229889
2203553501,0.29565309930734124
2203558797,0.21515867864150345
2203539545,0.27343055933279026
2203556209,0.4842617490353739
2203549214,0.036577847078018186
2203510985,0.17705561658051355
2203510420,0.5843899836953157
2203557503,0.13258487974165042
2203509241,0.339939181551756
2203535577,0.0
2203558822,0.42031738001743923
2203552122,0.09162745586830515
2203522527,0.0
2203552033,0.04320304665708535
2203502147,1.141788906049202
2203557485,0.10350707627564866
2203553652,0.04701500976366045
2203530812,0.0
2203558158,0.09730379492986362
2203553051,0.04678743468779631
2203553745,0.2269027543847319
2203553082,0.9517101007317764
2203553157,0.029816621291892945
2203544525,0.006931471805599453
2203514897,0.35189046924831546
2203492214,0.35120533338423643
2203555966,0.14067297842982496
2203552071,0.017823784642970023
2203550947,0.03897860517852505
2203559052,0.05257495372027782
2203549564,0.0034657359027997266
2203539261,0.6931471805599458
2203553496,0.3465246308504929
2203547914,1.2711135329432977
2203550607,0.4955177879455314
2203558921,0.0034657359027997266
2203559058,0.2763245322294479
2203554730,0.24211831457050598
2203520283,1.106291579340235
2203553008,0.3197823713413959
2203558583,0.36510584358644893
2203556460,1.0448478882624228
2203546722,0.5914855940778203
2203558863,0.6684090276828161
2203559735,1.114372029940473
2203559282,0.17026619864639772
2203556248,0.6388012690133992
2203550514,0.013862943611198907
2203512785,0.0
2203488788,0.25303342393976314
2203547220,0.1617103543329872
2203526719,0.0
2203535904,2.0776769572900387
2203531673,0.01952364558577179
2203553117,1.042804713788816
2203548846,0.08891697448997413
2203494347,0.14220619898355014
2203552115,0.2077540205454314
2203547818,0.5727532864167091
2203556458,0.7854260540342607
2203557644,0.6830091433816348
2203538940,0.6931471805599458
2203506256,0.0
2203539283,0.6064741810032093
2203468811,0.22965612982015915
2203558244,0.19862136679014789
2203514710,1.0658363398288333
2203554994,0.38294738415875096
2203559579,0.22257778103993392
2203461701,0.6931471805599458
2203559261,0.13034623604706239
2203477767,0.24122231423287702
2203534554,0.10103786289427076
2203559480,0.42136507072656765
2203559707,0.8257947606300159
2203551280,0.010986122886681098
2203499948,0.1467735189258279
2203547154,0.7659906018360185
2203539331,0.39087253947074396
2203537453,0.3359477746405878
2203539260,0.0
2203559529,0.4076444608058696
2203550762,0.0
2203507066,1.4950197174882012
2203497401,0.01786903312566612
2203471960,0.09420623420672534
2203550661,1.1121078504353468
2203543397,0.006931471805599453
2203555748,0.9748420458755456
2203537560,0.005895559535751622
2203558370,0.21730430680156546
2203550452,0.4043737213973019
2203559437,0.34004978529698127
2203555207,0.19764041624836337
2203505614,0.23441452479817676
2203559793,0.2554085148001716
2203558240,0.1809166271813966
2203554588,1.4542000802536053
2203559150,0.2852068724041906
2203551203,0.031744490519215594
2203503681,0.0648837993852878
2203530810,0.0
2203559587,0.5602874666233614
2203543148,0.6344223156839772
2203555921,0.5621633171584925
2203559317,0.24581339182656847
2203559451,0.7410707115360131
2203553955,0.06931471805599453
2203555714,0.48467405407338016
2203479793,0.29048796970794355
2203547798,0.02029931028782697
2203517561,0.6931471805599458
2203498541,0.0
2203508829,0.24221231456650996
2203556693,0.8720833211226298
2203557153,0.42476928489937904
2203507963,0.37355264108165476
2203548348,0.50107517809506
2203552494,0.3184611417472471
2203540058,0.0
2203556220,0.7867959681423087
2203514800,0.3603552666351536
2203550707,0.30935918055766537
2203559114,1.2553382475824997
2203515628,0.03604365338911716
2203554214,0.9015739207857015
2203532912,0.0
2203552976,0.0
2203538018,0.0069314718055994515
2203543845,0.028514909169863573
2203558505,0.15250657880611238
2203530440,0.002772588722239781
2203559324,0.3060917373101349
2203528222,0.0
2203553756,0.04663318409797604
2203559330,0.13673700891352858
2203557743,0.14446921457260403
2203512132,0.07696755349903711
2203559219,0.11283634678682089
2203553420,0.5659292136992302
2203550244,0.4539193828394961
2203477907,0.0
2203553948,0.11601801432267156
2203557654,0.318691034798673
2203519874,0.06285030712211186
2203532280,0.0
2203554804,0.4928540181784111
2203559623,0.11866713440600356
2203495534,1.4303515339534878
2203558449,0.10461446657366011
2203555208,0.3620185232177861
2203551411,0.17083015174862537
2203557997,0.3527199148173033
2203557746,0.09212690659583041
2203534635,1.0986122886681082
2203543766,0.18834198730875304
2203543112,0.5445623481874428
2203544398,0.18722940641097757
2203557698,0.21004444793066707
2203558830,0.4974797537671127
2203490553,0.3909130051634106
2203555191,0.23784758798386302
2203547989,0.0
2203555161,0.45293574459571073
2203559476,0.10272601993220715
2203510853,0.4625545676278788
2203536034,0.7735141277623475
2203559046,0.5564235797277961
2203556812,0.15815049222635513
2203550521,0.14164107749038612
2203511442,1.8729324175007234
2203531709,0.30465846599146224
2203557369,0.2500883881057771
2203542019,1.028883482711201
2203533618,0.0
2203542148,1.0518932904689258
2203555525,0.42476928489937904
2203508705,0.14282964499061207
2203558748,0.2283255443182578
2203556865,0.1558350790855514
2203529167,1.4280142667610074
2203550511,0.0
2203499645,1.2769391808427348
2203558329,0.0057762265046662105
2203558394,0.2935960054055893
2203554914,0.04846473577516686
2203548402,0.37975032798079417
2203558436,0.10668099430237117
2203533536,0.055313015046086614
2203557097,0.6619894208095358
2203531867,0.3565664621330453
2203513361,0.334444237235423
2203558952,0.23310711800420625
2203551627,0.2558966557234284
2203528767,0.5682407084104338
2203556447,0.19513202354710793
2203558127,1.114106048545054
2203539633,0.25955441587177996
2203554564,0.14709838383317236
2203538263,0.07654545297940944
2203557015,0.3959658643133567
2203541445,2.057428739869439
2203558931,0.1976348182601753
2203555853,0.2082666854244256
2203545838,0.526538688133963
2203539081,0.06187867649165992
2203543083,0.10897661247052856
2203559138,0.35847730753830703
2203555195,0.040580814327233955
2203543077,1.3267090289501864
2203559283,0.37184827729896364
2203535019,0.01985011823132261
2203557184,0.6952492802448397
2203559420,0.493962455088128
2203512884,0.19439490627725206
2203559153,0.1999536822258146
2203513718,0.4260797223468193
2203549663,0.17391085784065047
2203525742,0.153169424593269
2203542556,0.23445904463724898
2203529792,0.006931471805599453
2203550278,0.7019090419765119
2203540716,0.06553782159701335
2203553507,0.3191323094468523
2203557726,0.6074425396980523
2203502100,0.15271323394092673
2203545455,0.35392457455858994
2203545702,0.4073560200870615
2203555475,0.6615931012884461
2203545461,0.5657323661712015
2203557222,0.3938569857317517
2203555553,0.6302639974555426
2203514011,0.22983785117419153
2203552599,0.21344118434746243
2203547176,0.010986122886681098
2203510992,0.7919123963287055
2203549567,0.006931471805599453
2203527806,0.24206653885171414
2203528994,0.4991674315089039
2203491508,0.0
2203547795,0.015241855235941692
2203547768,0.0034657359027997266
2203554992,0.7696242437450052
2203503152,0.0
2203553220,0.6209288195372994
2203559957,0.24233195184127626
2203558854,0.7079363523411563
2203555624,0.43796273308420886
2203545362,1.0082045456185782
2203535655,0.5027110675382966
2203559435,0.11655539345140208
2203504560,0.7798484042471168
2203558860,0.06387941332282336
2203554459,1.031480964204447
2203548451,1.5430758119102392
2203494542,0.7605049382266607
2203522702,0.20764044297687798
2203559852,0.0
2203546687,0.47531706390589007
2203487021,0.14220619898355014
2203502349,0.007393569925972749
2203551997,0.4382577843866173
2203552443,0.6198603099627649
2203508139,0.3548826911451926
2203555009,0.5301418343693394
2203545399,0.6931471805599458
2203511711,1.2210983921554701
2203551808,0.08317766166719343
2203553259,0.06491019081174916
2203552888,0.7038995438350453
2203554288,0.39919122523538497
2203554097,0.1652262696751072
2203547487,0.19478529216317514
2203547101,0.0
2203496829,0.07242175103153117
2203558189,0.2557263192429995
2203539362,0.28238513955509215
2203533447,0.0034657359027997266
2203556649,0.11362184459471462
2203506063,0.3303880322538585
2203546339,0.35229538548687395
2203506387,0.2846385814861663
2203526628,0.06943871168338223
2203500568,0.44358827045756705
2203546402,0.01906638712017648
2203548952,0.0
2203524565,0.7150221807441528
2203557705,0.09212690659583041
2203547868,0.0
2203528531,0.2954196759609575
2203553683,0.0958472092779067
2203503762,1.083117443758522
2203559732,0.13980726646855288
2203556170,0.6091499542840808
2203511820,1.2241085402764131
2203557439,0.3837852915276595
2203504561,0.7823015392289409
2203524256,0.014981076663656043
2203532105,0.41323947856864285
2203555157,0.13202119428878759
2203536797,0.4238826061820333
2203533902,0.0
2203550922,0.0
2203557147,0.1318669267722056
2203531541,0.16599224623980782
2203507100,0.5929074344481997
2203558823,0.6420706596933335
2203558764,0.09507973164093057
2203523041,0.6931471805599458
2203495898,0.0
2203479422,0.9281186607433211
2203532700,0.8691270824215097
2203545474,0.45444744338656834
2203556786,0.5193375431076606
2203524749,0.11983281944775744
2203554698,0.3860086267909151
2203554552,0.9296804038669939
2203538334,0.6411976011344594
2203473278,1.4901234078332926
2203557750,0.32093159537663707
2203553287,0.7013955922548597
2203531170,0.0
2203494279,2.218689506936375
2203539112,0.0
2203504682,0.6968165431054676
2203558326,0.4160320266572266
2203510874,0.0
2203558205,0.07294374045807181
2203551855,0.5298302712885037
2203510349,0.3569735485724218
2203515132,1.2422187996256167
2203547394,1.6151258347612838
2203557206,0.4961891492786428
2203506009,0.7396036921172588
2203546721,0.3591376236890432
2203487565,0.9789750358848802
2203558096,0.34926427160002144
2203556371,0.5774680009111081
2203539395,0.1568629563657731
2203559958,0.046440861097516335
2203553989,0.5483930063922695
2203557356,0.3646502656412183
2203513256,0.0
2203546807,0.2989455155550138
2203554127,0.0
2203540830,0.9182923146632649
2203540118,0.0380666248977032
2203558608,0.13593161469266474
2203559559,0.08534609799753996
2203494379,0.18147567516775304
2203501111,0.7151168471827029
2203559233,0.7885996380952761
2203552113,0.32608209533661947
2203498025,1.2995850654244843
2203542585,0.23661947212603032
2203538982,0.011338108355332771
2203556662,0.05690147733486982
2203557759,0.2912833841695301
2203507835,0.8709732752868672
2203556063,0.9985833512087092
2203547866,0.043786185789283394
2203558706,0.07049254841255836
2203476772,0.6426510820791665
2203552384,0.8823223633525782
2203542068,0.9319224615121398
2203554839,0.05315257637074443
2203552225,0.30181201283098913
2203535950,0.11763738068723581
2203556806,0.42025132419284217
2203531108,0.013523145537608113
2203556813,0.19157331728741828
2203554646,0.31682809558649533
2203539361,0.2524986487481986
2203555751,0.556995956678966
2203494323,1.0194300925130286
2203533999,0.11322546770412967
2203559470,0.4006453940784859
2203545212,0.13385334135888213
2203558350,0.3201945099056229
2203529198,0.43263963905203107
2203556508,0.09368511955977248
2203550413,0.0
2203532279,0.0
2203555044,0.11452085710674817
2203556265,0.29189185073319746
2203506193,0.1227898261020107
2203543146,0.3536534684391905
2203540048,0.34833946523997084
2203557613,0.05098600977349298
2203530995,0.3550631591932104
2203547125,0.6931471805599458
2203528458,0.4820662029268302
2203557169,0.53753494528369
2203532599,1.6331783571534455
2203544570,0.0
2203552646,0.05069134138555647
2203547907,0.026586878355579886
2203532709,0.6931471805599458
2203547146,0.7785247169095771
2203557643,0.39331642723337984
2203519533,1.9656890120258819
2203541570,0.08046539361760821
2203529214,0.09525325926698501
2203490160,0.3058441315858701
2203509084,0.6207602052160865
2203508355,1.1282820904682662
2203539418,0.28188557083075405
2203550015,0.17468963924826963
2203536245,0.4364065627121786
2203557691,0.24022744369197124
2203547562,0.6931471805599458
2203541307,0.2614818123057058
2203558986,0.15017841929453332
2203465939,0.0
2203559946,0.04319140878214904
2203558061,0.19208159920078785
2203548915,0.04217774601187863
2203556578,0.2897485725575468
2203556711,0.6623433717100018
2203544207,0.0
2203539895,0.47360282649545743
2203542057,1.3498179332389513
2203556092,0.17186628364331163
2203482184,0.8222784430884402
2203540591,0.3287579716522959
2203556586,0.8665255901435417
2203540571,0.47442073691658515
2203558022,0.1054330725018813
2203500862,0.5123851934166445
2203555171,0.43324557044748924
2203552357,0.4858157478587193
2203539218,0.3166813166949693
2203544804,0.0
2203552549,0.3749372550005915
2203535934,0.0
2203469170,0.04387027928164255
2203511790,0.7150221807441528
2203559393,0.7434596050899474
2203549595,0.010986122886681098
2203547257,0.44272300632621664
2203558392,0.1284285334630172
2203557554,0.2968867424180105
2203499742,1.1663877375166702
2203514995,0.2055124765316255
2203501100,0.975515225447641
2203556275,0.7976419789234569
2203556171,0.7408802809315376
2203435680,0.0
2203519459,0.0046209812037329686
2203540579,0.36916862219656776
2203539199,0.23480046217038644
2203558000,0.04310949268655071
2203532904,0.0
2203541347,0.0
2203548089,0.38381627595833673
2203555736,0.17709188109924287
2203558792,0.21508288281444832
2203556597,0.3914514487588139
2203541096,1.3475205827435295
2203559232,0.09110570211108011
2203529341,0.09133669013746148
2203555335,0.521229993181682
2203545009,0.3211122609247794
2203557372,0.11143722314385766
2203469099,0.6152805202085501
2203473670,0.15953863411887492
2203558760,0.10345091707260166
2203558585,0.5439286906766838
2203558880,0.5708583099847719
2203553525,0.33860943572391444
2203512525,0.020794415416798356
2203555996,0.413078766060335
2203527675,0.23480046217038644
2203546038,1.0339286843342985
2203510860,0.18718262029242724
2203557336,0.09688312170871095
2203556783,0.37280137563336724
2203559076,0.20333270017350016
2203550398,0.1909027284895733
2203557890,0.2779866379020813
2203557120,0.03504996914685188
2203518535,0.11114872157739654
2203552316,1.0792355451728632
2203558827,0.15422639484772138
2203558906,0.8081290560122504
2203467638,0.0
2203526815,0.46098649530340974
2203559561,0.1199019864270703
2203539649,0.2766351584294416
2203521323,0.06577625684094224
2203559290,0.6425766906449484
2203541322,0.0
2203479886,0.019700386060499786
2203504758,0.4297562168022923
2203557329,0.20716811005669253
2203556768,0.597327753515265
2203532844,0.28837059526717407
2203556501,0.1178350206951907
2203557961,0.09188825270859144
2203547400,0.08144479371579358
2203485376,0.0
2203558116,0.24769687553383637
2203506716,0.37128411607673883
2203548776,0.0034657359027997266
2203554212,0.07278045395879426
2203540511,0.09906532248047968
2203552029,0.0034657359027997266
2203553862,0.2187287349542413
2203512145,0.5942176683426654
2203558126,0.06448744304852347
2203555689,0.03187793799800542
2203486456,0.4820340200060786
2203553568,0.6822199566388774
2203553870,0.20854386605728137
2203533978,0.422824319566992
2203504703,0.3908906497378013
2203552176,0.2560018299043133
2203558891,0.09047193820502059
2203534437,0.03234686842613078
2203558479,0.18928586713858608
2203559023,0.09831158356150432
2203543316,0.03465735902799726
2203539198,0.19291660645780478
2203555048,0.35368218463107576
2203559131,0.810805135228703
2203557245,0.17312704043777621
2203555707,0.16118321553023743
2203546183,0.14489034579265916
2203557240,0.0694499249537486
2203553626,0.05737137276928991
2203524894,0.006202310899977109
2203533345,0.1992534529037062
2203501364,0.8868536043824231
2203524728,0.18829268208994887
2203555692,0.12347988787689088
2203509733,0.8261892380323783
2203545081,0.9499840954666362
2203557180,0.6919755231004274
2203557600,0.2536619926941133
2203550701,0.40765948654097456
2203558086,0.09072905191661264
2203557580,0.9710406700064287
2203554684,0.21794414654411637
2203555237,0.31646208114198676
2203546397,0.10085302808439645
2203557939,0.1606368116054046
2203553060,0.29908432345081
2203545509,0.06060456539484518
2203556861,0.48977658889049036
2203503088,0.15910923110914646
2203528030,0.6723527651431475
2203558334,0.13015879800494234
2203474788,0.0
2203559843,0.07513611467192194
2203558199,0.11094663814416317
2203524458,0.7908735647052321
2203480055,0.007624618986159397
2203495881,0.4423843190258699
2203547155,0.3733605522767736
2203541593,0.0
2203512356,0.018021826694558575
2203521228,0.034528134339766724
2203556302,0.4321815620264963
2203547906,0.4945177621604321
2203510152,0.6931471805599458
2203546040,0.056246882495104886
2203559264,0.5675088139649829
2203554935,0.2608658664031002
2203523175,0.04560991074505891
2203524228,0.0
2203508024,0.31690492514997987
2203409429,0.3854311184600426
2203539236,1.0653825517148863
2203513550,0.0
2203556950,0.10020044896459915
2203519557,0.23717134752128766
2203559034,0.2528061379289387
2203515545,0.8434873792752466
2203514186,1.2588243346897234
2203554614,0.3015254432848519
2203550897,0.5009853815708152
2203527656,0.34759487915682735
2203559594,0.5302556599970825
2203525883,0.020794415416798356
2203554805,0.17849871664520223
2203550962,0.6374984207932921
2203541662,1.4123586583559702
2203554747,0.32569469538662277
2203551274,0.19143969560344512
2203525966,1.3205410265455335
2203554592,0.14501325881395927
2203534386,0.2325307851711701
2203550168,0.9903587894814713
2203556764,1.044224314849432
2203518813,0.7222003280159547
2203503365,0.21429225210192132
2203541226,0.8892108970845536
2203540774,1.3328052465940854
2203539981,0.3021712920871361
2203556531,0.7452113595270309
2203477879,0.5643145396109595
2203544969,0.07187884277367824
2203558309,0.19339015670551707
2203555903,0.46386399533329514
2203528056,0.8489482754060412
2203558999,0.32512092928197367
2203549901,0.0098276511492292
2203502300,1.1310075521445713
2203551977,0.2267489110373914
2203530693,1.0169678242110738
2203502404,0.23525780914849911
2203484201,1.5200177462864184
2203524600,0.3139598698434425
2203557327,0.5543382979908561
2203547803,0.38604447139519205
2203559231,0.7868188742565697
2203555934,0.08572049356119944
2203558795,0.5404846382133774
2203557024,0.5231817848021693
2203553813,0.2111467108131479
2203552924,0.1618668694181883
2203554506,0.08714087510421564
2203554056,0.6183427664393377
2203551325,0.4435886064748885
2203554842,0.4360105078397294
2203556611,0.07949474736411638
2203536470,0.25024006591631276
2203555524,0.8974190164550534
2203515038,0.39891545437678017
2203559332,0.2479766041127545
2203537442,0.6931471805599458
2203528985,0.7585915367381414
2203556166,0.006931471805599453
2203539703,0.6931471805599458
2203556411,0.41384817685483194
2203558934,0.06362588941167442
2203499561,0.23764370508335816
2203554533,0.14290249248482703
2203547150,0.4121625673197417
2203555696,0.318007849017785
2203551307,0.0023104906018664843
2203556751,0.15548363191225317
2203557335,0.4299973163349691
2203556038,0.09014938759323704
2203509722,0.5983606921886779
2203557839,0.13341259384009632
2203556648,0.5192178051020848
2203509812,0.442112376667152
2203553952,0.35862479077195447
2203503613,0.0
2203558922,0.034349873997646926
2203502803,0.026063376807980845
2203541647,0.36429016100028627
2203520562,0.649676952205616
2203513790,0.04674918459189808
2203552420,0.09516215005684131
2203526016,1.3482564830681567
2203547268,0.11886189441157487
2203526422,0.07168503795505089
2203497033,0.44885423128699387
2203512643,0.6261226667119422
2203558867,0.5477836856565078
2203531332,1.123506236621781
2203554631,0.32849281527652285
2203526767,0.2835481772838923
2203555508,0.319406188675941
2203546569,0.06504870028238698
2203558512,0.33235923847451765
2203530597,0.02105326050909935
2203476846,0.10324418379009614
2203556157,0.03318036681456944
2203477281,0.7640646707804528
2203510048,0.07126507140723704
2203447299,1.3857669186376682
2203504386,0.4726616793124231
2203549379,0.30995144470845004
2203538986,0.006931471805599453
2203556864,0.05649931479851193
2203559212,0.1738458645008974
2203550974,0.0
2203553073,1.6104571196122033
2203431331,0.3063635548133525
2203539902,0.212138728087735
2203557278,0.11603787779752307
2203516899,0.18798248867572964
2203526330,0.4846582366908288
2203548103,0.0
2203511363,0.013862943611198907
2203554074,0.9425247393320592
2203559603,0.16359895628005083
2203557484,0.06718458540749163
2203514957,0.5602874666233614
2203556456,0.08503126720393755
2203534800,1.086312825359513
2203547813,0.24687580239966192
2203558901,0.4417142449435096
2203556167,0.2490076202615263
2203545899,0.3495317213032541
2203555997,0.27662418251549914
2203552370,0.06626368559455545
2203503997,0.10996932014247333
2203556436,0.19170848297512394
2203516402,0.8391728570724396
2203559546,0.3224855263978616
2203552368,0.3427539514081059
2203557534,0.7596534643508808
2203522561,0.6926146251712189
2203556069,0.1832344241239664
2203547605,0.028085422669927543
2203539122,0.8863233692962322
2203532671,0.0
2203556448,0.3039408009629926
2203555459,0.5888245530968538
2203555619,0.5214630984812743
2203506151,0.026004311798813243
2203556415,0.6337497307789633
2203534009,0.34420124095499616
2203559333,0.3098736015468008
2203556480,0.25563894722968106
2203557295,0.018495217342747172
2203526670,0.4296848616170361
2203514675,0.48063816205053606
2203555420,0.23538168168923249
2203522865,0.6537509536919215
2203557858,0.17342230547376986
2203551297,0.19887591384308156
2203527819,0.0
2203486895,0.8978488558041178
2203551081,0.3828581261803686
2203555584,0.36934362511026536
2203556202,0.1029975739403394
2203534757,0.7725782233958534
2203532206,0.6731417470921225
2203518070,0.005401146861506067
2203503994,0.1014663249691934
2203558004,0.11555975467965152
2203511308,0.39456901739828626
2203558601,0.08192131344439302
2203522634,0.0
2203522382,0.10186219381281168
2203553429,0.22642807898291548
2203555849,1.5104661729187108
2203554618,0.9762208228664855
2203559403,0.4798476435120447
2203551780,0.4634911249419289
2203558064,0.33214730515490887
2203559017,0.7007353227107186
2203530214,0.5013952145871854
2203530746,0.11283295200460955
2203507994,0.1347859601948818
2203530885,0.31250792956737294
2203482494,0.002772588722239781
2203536257,0.9306628485310207
2203546731,0.12365996684827181
2203533645,0.3624811883289174
2203537874,0.7237922746590355
2203557782,0.611572296963723
2203555209,0.5275250091534398
2203556255,0.033043516350026884
2203553218,0.3439981771920079
2203543500,0.3173025220720626
2203559911,0.31040012399397676
2203559956,0.13337590751184566
2203513724,0.6931471805599458
2203558951,0.26386135103372027
2203551094,0.46365656418545087
2203518814,0.0
2203533037,0.9791955412292289
2203525352,0.4717460763036074
2203551083,0.8439330452504618
2203553622,0.15269205034842437
2203559617,0.6685688177307898
2203528853,0.3663170192357173
2203554656,0.16367333426159175
2203546752,0.5630426141375673
2203558477,0.31078254561377217
2203530066,0.3152847491973176
2203540149,0.6221130299540591
2203556338,0.3285294145287954
2203552890,1.1823724685401285
2203551413,0.23862096043394293
2203544569,0.3534600525283931
2203554297,0.28524197699539333
2203557211,0.18559290931716588
2203536932,0.47189295017478117
2203527622,0.385864938436945
2203546779,0.6429053024971649
2203540825,0.4846582366908288
2203552535,1.2769391808427348
2203558187,0.3968099035092651
2203515643,0.3496184675882935
2203549475,0.40256797994187354
2203554640,0.8479868849249105
2203527230,0.3344468200328133
2203545672,0.07004320172813323
2203481309,0.0
2203550125,0.715085706678619
2203546661,0.08622430439952752
2203532642,0.01555495494431673
2203533374,2.0668900508442816
2203541237,0.9192391047366842
2203527571,0.2198176984652731
2203558974,0.19738719341794853
2203555345,0.13067175285350854
2203554840,0.4553523083800756
2203534697,0.0
2203555222,0.32449348801872363
2203533976,0.0
2203497088,0.0
2203548806,0.07976497595118506
2203559265,0.24244603731020511
2203526332,0.0
2203524544,0.35884119514226376
2203517293,0.11558129214598914
2203523348,0.0
2203557155,0.09456133857902918
2203506214,0.0
2203535407,0.030769818225936087
2203550029,0.0
2203509573,1.526008849848067
2203485325,0.21475721621546548
2203515100,1.229051083546871
2203518254,0.9333486167894215
2203532910,0.28541111250018025
2203555723,0.22326088053986834
2203551115,0.28192252901945547
2203542126,0.08464195454206579
2203542486,0.09804928115483237
2203539938,0.04786016246723432
2203532553,0.4648487437787596
2203527517,0.7974564498682823
2203528025,0.11882952695550061
2203556686,0.4476676151406939
2203549937,0.0
2203491048,0.01732867951399863
2203557529,0.12577812627608925
2203550041,0.14198351031754577
2203556227,0.22964563326711848
2203507585,0.01791759469228055
2203552726,0.7820424510347641
2203540079,0.32374023833242105
2203546275,0.04726951237555833
2203511633,1.526008849848067
2203557969,0.0318193099127795
2203559414,0.22960329159760262
2203542228,0.3181545558770149
2203558582,0.18101460933792166
2203551805,0.14746101061706535
2203546186,0.26645709522941663
2203559032,0.11700066467838047
2203550433,0.5472052735463094
2203552569,1.0184452160397603
2203548963,0.1349344634232365
2203528926,0.0031991408333535937
2203546403,0.1075906492961453
2203554859,0.3683882629251433
2203556427,0.349060331163294
2203526421,0.16913924748827389
2203557101,0.1116263177445341
2203554655,0.13923036407485892
2203529216,0.25822859477501653
2203541092,1.2234528567689795
2203545370,0.3991720166640073
2203557908,0.11697460999070501
2203556779,0.052941257251375495
2203508658,0.5566314152328471
2203559009,0.3007533998054872
2203540186,1.0035733987293072
2203546620,0.24358020289680268
2203504160,0.11558129214598914
2203558416,0.15472904296128337
2203502998,0.3003874546160026
2203556412,0.2660046108245819
2203556529,0.5209133837396086
2203502802,0.0
2203544056,0.33704281654727347
2203542530,0.0
2203554128,0.09643371797555167
2203498861,0.2995742693579866
2203509485,0.0
2203542038,0.004500955717921723
2203458135,0.1637972801680347
2203542161,0.44637358720788084
2203534226,0.010397207708399178
2203495656,0.0
2203557298,0.25653408720295345
2203531138,0.7965036300945737
2203529169,0.07896805467094437
2203517130,0.0
2203559206,1.197585344210456
2203554181,0.29303200617776176
2203558159,0.15830713334619878
2203543340,0.4105611506827562
2203558766,0.7088600726431453
2203551466,0.3830091414744299
2203559361,0.631520582931838
2203497513,0.40401957865509786
2203544565,0.03830202798984463
2203555910,0.3014106887983801
2203558107,0.18177159194260972
2203558577,0.13222794103095972
2203537207,0.0
2203546146,0.35125842023240084
2203546115,0.14973616953616736
2203452008,0.29092090642208074
2203558478,0.30842345443307584
2203508776,0.6032341131093829
2203558352,0.3964948788497047
2203556367,0.2986607340308809
2203552523,0.17991599704925354
2203534691,0.08854901013470348
2203474130,0.44202134810699584
2203552112,0.17330625923869836
2203557428,0.15024189495085474
2203524416,0.8778146166707812
2203490698,0.14220619898355014
2203553546,0.3994242650763054
2203542548,1.6412098470554382
2203559719,0.11842393587347262
2203554119,0.11463059027712585
2203541130,0.0
2203558231,0.10550846960277571
2203508885,0.3556847941533771
2203473932,0.6208514097771554
2203553012,0.2170870976284224
2203553475,0.2748128424885376
2203551706,0.2152167460857622
2203526783,0.46916162021328867
2203527027,0.33362934174142084
2203538180,0.13748548333887112
2203514606,0.38784192928350747
2203549671,0.2853230522443593
2203555989,0.08393308181044333
2203539918,0.0
2203543592,0.0
2203559014,0.120448047563762
2203534416,0.5194224633130758
2203554071,0.16583764354362074
2203537980,0.10638245859357795
2203517184,0.9077181280219648
2203557426,0.3628105207659308
2203513397,0.0
2203524082,0.005198603854199589
2203557936,0.43798750485200216
2203546232,0.00877986428709264
2203480513,0.16443026805719924
2203558426,0.2698991684600001
2203544789,0.31869948460143055
2203555150,0.5170410308593918
2203555111,0.18843180111002705
2203544291,0.0
2203495940,0.291312135776277
2203546727,0.0
2203557584,0.301623223748023
2203547861,0.0098276511492292
2203542610,0.3603238287443766
2203464350,0.006931471805599453
2203546565,0.025027999556927635
2203543353,0.02599301927099795
2203554004,0.19983737880859742
2203525507,0.1356488118574577
2203536050,0.3388878813991121
2203528775,1.350662188242748
2203502917,0.3719332119561523
2203558144,0.10143231961758074
2203557100,0.40523797994517496
2203557251,0.09623801511907065
2203555217,0.3556947681194157
2203548434,0.04821976557749084
2203558712,0.2810399788641733
2203559468,0.12843027357332923
2203557871,0.13472418714444662
2203544294,0.0
2203545900,0.3275964423703066
2203533460,0.55246164196013
2203509908,0.4151775180585492
2203548133,0.04475897358099113
2203557280,0.07803375194622689
2203508007,0.3218221159109145
2203547978,0.2953584654312186
2203559901,0.23888792980203227
2203518405,0.5566314152328471
2203468215,0.0
2203503544,0.6833388880298286
2203558788,0.4443633818488598
2203545107,0.020794415416798356
2203494361,0.08728976317195097
2203556150,0.18981495584077668
2203545479,1.1747014321832459
2203432844,0.5833106446870852
2203554076,0.16841295528043967
2203551025,0.4921753906286041
2203548974,0.07900199474357805
2203555241,0.3721506575659935
2203546220,0.31060384026484245
2203526130,1.5003988267847783
2203550132,0.5017822297245825
2203559781,0.7766911304266233
2203558750,0.7939063531874667
2203556775,0.22259579823751577
2203548082,0.0422729410342975
2203557526,0.0701464101097023
2203503938,0.42293805525571004
2203540949,0.046567838510685335
2203518511,0.006931471805599453
2203512492,0.13197223143001066
2203557188,0.4204179083823289
2203557663,0.8754223843833021
2203557849,0.18257828846227078
2203484080,0.09100032270494139
2203556497,0.09010913347279288
2203559007,0.1783712821531312
2203549191,0.47245190944516374
2203556155,0.29887967402259136
2203542834,0.5418123489588164
2203557052,0.26226240402893014
2203504962,0.05384924996933954
2203554245,0.4702324277215692
2203556193,0.0
2203559718,1.0681569498390808
2203559246,0.43674170542577867
2203544536,0.0
2203529333,0.3394728325287604
2203513630,0.43431860432485747
2203542967,1.4269909481448608
2203550055,0.2921259261879439
2203559653,0.19692414630383925
2203477647,0.27015686420728857
2203545208,0.15232196472272336
2203542608,0.39845298342841645
2203556375,0.2995934082687274
2203499291,0.4274938345689827
2203524551,0.11787182097560928
2203504585,0.3841192513423743
2203551575,0.282088632925565
2203534794,0.3659191980617912
2203542171,0.06658382338192627
2203552526,0.6157045413301796
2203554316,0.10036946140577983
2203525298,0.09287468869333215
2203498529,0.0536525952764716
2203544614,0.8529895310356187
2203556126,0.6136832563904878
2203527944,0.40398276905513375
2203494119,0.13827561098194133
2203524582,0.37493239686796637
2203544163,1.0506835986502037
2203559154,0.30679901838868795
2203547266,0.6584898215319486
2203544640,0.08142728763423325
2203557390,0.048085629748923255
2203532569,0.5142526315492879
2203481711,0.0
2203528924,0.03465735902799726
2203559903,0.4046790462694604
2203544617,0.2198176984652731
2203555829,0.35686146607204544
2203521590,0.052280496131136854
2203550934,0.05257495372027782
2203555371,0.2159285295178226
2203529183,0.08112122044689674
2203552536,0.839849797931866
2203516450,0.1329925854941406
2203506094,0.21404306958132902
2203550821,0.2356494315739826
2203540307,0.536613729891794
2203558439,0.23391665996361027
2203544894,0.5828868397240922
2203533931,0.07126507140723704
2203547845,0.2997744298557043
2203549753,0.0
2203472271,0.07859055804690637
2203552144,0.5837406633209561
2203535037,0.701256482722109
2203506169,0.03465735902799726
2203555575,0.377186656973169
2203521214,0.12708209019353223
2203558683,0.3169401641767038
2203552315,0.24427881463624979
2203557328,0.0793901957353074
2203556520,0.2216677326772085
2203556108,0.22126763756572587
2203545125,0.03806117134883773
2203541759,0.7754110771531991
2203553316,0.1450258427828096
2203558308,0.004959579476014852
2203558470,0.40691670504923244
2203551163,0.42521290040486037
2203557794,0.1790659418974694
2203540175,0.9435282412957129
2203539696,0.06964478814197546
2203537634,0.3029810260057679
2203546082,0.4428200160934399
2203542586,0.32080703708245084
2203557857,0.052610096808253404
2203534118,0.07168503795505089
2203558864,0.1975596562673227
2203507723,0.059654666872952754
2203537972,0.22233735134330815
2203490197,0.6940989299039062
2203548758,0.2776961973735014
2203555137,0.12392338539858577
2203553071,0.17677511609841662
2203507395,0.0
2203552123,0.1868486854211834
2203485490,0.0
2203556188,0.3362606432031993
2203558963,0.43644216196862673
2203553112,0.4271215304717129
2203552178,0.019356005054539452
2203553931,0.5241843718600938
2203553247,0.7408551988556017
2203520385,0.40516025096428976
2203543310,0.8003212411236399
2203522879,0.014157401200339865
2203548676,0.2616154840165365
2203552216,0.07491087593534876
2203526047,0.2572749973716643
2203556164,0.253791469493966
2203551363,0.2203495976592362
2203539341,0.0
2203513332,0.0
2203527481,0.7232661667017096
2203502342,0.0
2203531547,0.004158883083359671
2203521558,0.6323340003445499
2203498457,0.510044904177246
2203554485,0.6384032079943848
2203528718,0.20402501342068555
2203522572,0.2622116054031217
2203544140,0.04781718930400529
2203522904,0.003994953776974945
2203532277,0.9880269623463342
2203553084,0.7760441507424787
2203551733,0.4432163058317242
2203546659,0.16184139591246233
2203531800,0.07341453924833737
2203515449,0.006931471805599453
2203556679,0.21170209331189555
2203556047,0.5403177101088217
2203557080,0.28741157813357765
2203531751,1.154465533633564
2203507023,0.4783481715663651
2203546481,0.16381210785250283
2203512285,0.049011666713661334
2203507642,0.4342402916733477
2203518583,0.4268249044499878
2203555866,0.22885197019295211
2203531690,0.0
2203496659,0.14339516923696205
2203514677,0.0
2203558837,0.015595811562598769
2203557303,0.48303914767798006
2203554807,0.12419725969016898
2203557575,1.1552317782875223
2203557148,0.5143573195518281
2203554889,0.7468454627109326
2203503354,0.0
2203549095,0.38001290704606994
2203531757,0.2928491826184772
2203458370,0.5483097888577697
2203522178,0.03814567998642759
2203517754,0.6746368967369664
2203558202,0.16730729917042178
2203556891,0.2598281991629907
2203554765,0.146270673282669
2203553396,0.4525144875132556
2203522974,0.8056638495736033
2203525612,0.13098031192247656
2203520731,0.22321489109816106
2203556785,0.14431508260291573
2203550663,0.37073383992522485
2203531573,0.18314035939482318
2203509204,0.1975752600237026
2203553542,0.2868619880687933
2203558387,0.15864037140139023
2203496958,0.11701881599729237
2203558184,0.2953584654312186
2203537219,0.3125302522892701
2203549148,0.05950642552587727
2203551866,0.4346658480096918
2203548374,0.24935558964628193
2203546947,0.42977488196468544
2203541327,0.4836323206493666
2203555227,0.4128511712134194
2203498858,0.2995742693579866
2203531444,0.6613036202987607
2203477653,0.0
2203556878,0.10309423068486798
2203545011,0.49866196382618844
2203546476,0.0
2203539133,0.2700611143405921
2203559137,0.26694237395999976
2203549216,0.4925734111214505
2203556792,0.15774062982520515
2203559013,0.35447991118750577
2203527165,0.8820234912517328
2203557414,0.09241855878759596
2203555372,0.7891208840031882
2203474115,1.2858967877652088
2203474122,0.0
2203522054,0.3523689612660157
2203557107,0.13517568281300885
2203506131,0.3593377718217453
2203557724,0.5541499312359012
2203549359,0.07353353672336961
2203527309,0.37740895104704597
2203558840,0.08382129937423982
2203548227,0.19429670093359314
2203522015,1.0301738083399472
2203557607,0.11293281237081045
2203555889,0.05257495372027782
2203552557,0.41879859286132537
2203556141,0.5034481560789333
2203551701,0.3222791686899453
2203524314,0.012996509635498974
2203523734,0.0
2203535715,0.4111670857741289
2203526003,0.03465735902799726
2203493058,0.2558303140218299
2203486752,0.05586609221236902
2203516081,0.03545553368983501
2203553227,0.21862800715833242
2203500963,0.7953595906381885
2203553087,0.0602659357850794
2203555441,0.07948816786875997
2203553716,0.07221730696477949
2203552666,0.20976223556934306
2203552249,0.043384871679745876
2203549027,1.085952404873031
2203552288,0.9477856095999848
2203554341,0.2440371397255266
2203501899,0.0
2203530459,0.2953584654312186
2203559396,0.46914838705123496
2203549607,0.0
2203478970,0.16012686732197726
2203554916,0.22729347040815517
2203556215,0.06740850563672254
2203548098,1.2326836737597568
2203553052,0.30666054436207135
2203543578,0.05761981505930224
2203556638,0.8200144987857638
2203532502,0.2429255980630794
2203520295,0.9853441862358082
2203539469,0.765283545470429
2203523135,1.176581572327411
2203508812,0.0
2203531938,0.8003212411236399
2203550418,0.13052535428076173
2203503436,0.24309846230170862
2203536702,0.010986122886681098
2203553189,0.28229676327899034
2203539553,0.006931471805599453
2203559752,0.2970066115072743
2203529963,0.581552222174878
2203555446,0.37046534942627746
2203555684,0.07123781159425732
2203531844,0.006931471805599453
2203556432,0.1774994276142066
2203554707,0.1107386534933721
2203517848,0.1467521608642652
2203559630,0.13509836457093377
2203545475,0.04333299131281188
2203555682,0.3017298054855129
2203557009,0.3759188706313795
2203558023,0.3963217744178664
2203492549,0.0855993363975173
2203552960,0.5465503632783999
2203531990,0.09113124665238886
2203528735,0.0
2203553076,0.13489182767567898
2203508321,0.08143574706657569
2203526453,0.006931471805599453
2203531925,0.2402075518405632
2203531391,0.18336798203837038
2203522112,0.29276863959824356
2203558183,0.02369382119694676
2203555144,1.0694172935756554
2203558232,0.2198176984652731
2203534965,0.4109515582320501
2203536628,0.0521823436014232
2203542119,0.17876315862272688
2203558735,0.41313582770152635
2203544597,0.674869247268768
2203545956,0.0343967790223022
2203489879,0.4722721905967944
2203542706,0.2866912541714379
2203559850,0.0
2203523788,0.012707698310265662
2203505015,0.19045785387839625
2203558628,0.25111478012102517
2203559747,0.31511536979272675
2203557947,0.5379843406609887
2203525292,0.35208763611407007
2203502677,0.41114005538475573
2203559428,0.39414088967098837
2203537639,0.5135960299404914
2203545043,0.15280392119985986
2203544738,0.0
2203525452,0.6456587815339414
2203537516,0.4637210267800901
2203556424,0.36801990913599736
2203559366,0.2965037251062528
2203502515,0.41549917843773665
2203504524,0.6862157087543465
2203546067,1.128047678854915
2203551405,0.019639170115865114
2203489719,0.11427182446683007
2203554246,0.037088875328056756
2203556708,0.22334265262264555
2203518937,0.44283320911222984
2203499328,0.0069314718055994515
2203528732,0.0
2203554173,0.11071766994066579
2203558393,0.3089556979313578
2203559764,0.19032455631018286
2203555020,0.16319857160969115
2203516277,0.02346277213676011
2203532275,0.21392667447638794
2203542999,0.28394999394159065
2203523761,0.5343967940203649
2203535638,0.004235899436755221
2203552583,0.5627590767232792
2203531094,0.8176931382084078
2203529786,0.5678779777338321
2203514265,0.1732269678763612
2203502548,0.6476815440088446
2203542628,0.29921980541925114
2203525241,0.23013355345931205
2203559817,0.0820337088940755
2203556348,0.11991504262010239
2203557197,0.2805471058443173
2203515757,0.09619675635832302
2203503465,0.03078018966197833
2203443537,0.28403065323870835
2203521246,0.301031770760679
2203512819,0.08336137304111207
2203553110,0.4271215304717129
2203496536,0.11003039046815077
2203524405,0.34920810397114016
2203528720,0.01617343421306539
2203558691,0.04084878070714868
2203472274,0.07452598574847802
2203556692,0.16255809192207415
2203553695,0.14929204381119798
2203529942,0.025947678786548113
2203558490,0.45444744338656834
2203551563,0.3546236821827933
2203555726,0.7937490288043629
2203505877,0.48735129498477664
2203508947,0.0017328679513998633
2203510097,0.12392338539858577
2203527960,0.04664690735345056
2203524941,0.908204345080819
2203483515,0.3653316762505463
2203554466,0.3024396655199287
2203537768,0.4664302902517967
2203555574,0.4690391565726204
2203549584,0.6005852586456746
2203558405,0.26469397883753687
2203512813,0.006931471805599453
2203509649,1.7765296039814646
2203482488,0.4499616409662746
2203531551,0.17582833480203952
2203472323,0.21184369411799292
2203505640,0.09569053708744485
2203558019,0.09264641007032165
2203557924,0.17929290254435812
2203559508,0.07147770598035336
2203548411,0.7762071433167421
2203519620,0.03997413272521805
2203559815,0.14766293451489892
2203552763,0.4077303900636029
2203510540,0.0
2203541541,0.0
2203559417,0.2939695639359877
2203557065,0.020794415416798356
2203549808,0.13302345173683577
2203539875,0.0
2203557047,0.24264314604067644
2203549173,0.0
2203550096,0.31588632611677453
2203558812,0.548072496846229
2203555461,0.5185840084533396
2203544541,0.28085481016858904
2203539713,0.2198176984652731
2203543609,0.09335935287162851
2203504199,0.009704060527839233
2203518044,0.410843796058389
2203518255,1.0152466158720488
2203556022,0.3665810051030878
2203554788,0.35028274362305867
2203549718,0.25439505185964634
2203541978,0.42590059959250987
2203557137,0.0855333223803211
2203556168,0.08538509999714348
2203526320,0.013761833574190467
2203551763,0.07799035034080914
2203552314,0.45826070274674835
2203535492,0.34829702994984096
2203543315,0.0
2203550676,0.01939201326721933
2203555249,0.13323131461445473
2203552335,0.26259129784097296
2203551951,0.21414365134567784
2203558254,0.8300198267856033
2203556724,0.25865918831775914
2203557721,0.45438456780423464
2203545027,0.3732415162350703
2203537526,0.0
2203527184,0.4991726444412704
2203503073,0.4297011891958957
2203538264,0.06417987075281166
2203478595,0.4479706239386644
2203553933,0.2270609244546721
2203476403,0.6896814446571462
2203554096,0.2782244356618808
2203536972,1.1207965944159224
2203546363,0.1278143400411766
2203507836,0.47531706390589007
2203545422,0.06593228194479275
2203535654,0.0034657359027997266
2203543700,0.026157186857291372
2203558195,0.1193755855112387
2203532550,0.8564463187712394
2203537724,0.5334905119265061
2203506709,0.17560694647974637
2203553506,0.14201059361289362
2203548667,0.0
2203548101,0.0
2203511805,0.22607986182530918
2203540385,0.3373830683341488
2203520585,0.17438620196326693
2203536603,0.012130075659799042
2203502971,0.6080180866119452
2203534749,0.21716961307115046
2203556618,0.5677710061670885
2203556477,0.36438335279169615
2203555197,0.5363159983862384
2203537252,1.1230081288052427
2203502921,1.0169765334166119
2203508006,0.4932946959385917
2203556575,0.2203495976592362
2203556943,0.5418853517435028
2203558960,0.366781189703812
2203547657,0.37277502428017223
2203517909,0.9593608927858458
2203557451,0.2678845389569753
2203538478,0.0
2203521566,0.03340530417448122
2203527152,1.143522771438321
2203549987,0.1560686087267345
2203502958,0.3173837447789786
2203535218,0.16310682709728058
2203522503,0.5152230894949215
2203531763,0.016479184330021646
2203555761,0.2620791680958493
2203553653,0.3068065033080074
2203538193,0.9690893952241756
2203527724,0.26518772104603466
2203552935,0.08818256698959118
2203555099,0.11933577295717131
2203553601,0.2652876938788532
2203540128,0.014451858789480824
2203549112,0.057526005009991714
2203524532,0.54718649772986
2203552106,0.14086023229597555
2203554204,0.19544916995860553
2203539873,0.0
2203514892,0.09906532248047968
2203551188,0.4235796780629377
2203545471,0.19868973389253752
2203551355,0.19336895854121813
2203531736,0.916503508967159
2203520096,0.40806525115410147
2203543175,1.2292612664957874
2203501149,0.9005744311371825
2203532538,0.014648163848908132
2203511237,0.2198176984652731
2203556788,0.18051185842122208
2203555880,0.25163492187244413
2203501393,0.22634903911720375
2203532035,0.4352229258390735
2203558926,0.12236509376577245
2203541182,0.41416896091792
2203557456,0.5001146907465013
2203499509,0.0329357836044127
2203507154,0.7913924497226992
2203555762,0.2620791680958493
2203554757,0.011552453009332421
2203548829,0.2004966089001022
2203532273,0.7634502916647895
2203551553,0.0
2203515016,0.20935253187169134
2203540662,0.24981812580742296
2203527739,0.13542394315031606
2203544662,0.34135999865693245
2203544867,0.3507220618042007
2203500187,0.3597539658800345
2203547202,0.0399295062906535
2203525918,1.0322936004535446
2203525311,0.012966543402566654
2203531236,0.02995732273553991
2203556810,0.04158883083359671
2203557886,0.35831621748778025
2203525737,0.220659451942573
2203520183,0.39853636608558934
2203488057,0.8856554325905287
2203553868,0.5955648157376523
2203492271,0.7277406034822589
2203529107,0.014500496614953791
2203557755,0.28614589043671723
2203541444,0.4338150321112383
2203502883,0.06181691612774376
2203547284,0.21838323861082823
2203544233,0.3842210778446117
2203544669,0.25073305758863024
2203534002,0.4386774222630859
2203535778,0.28639152028746145
2203551711,0.3423333485735458
2203557590,0.3533071538458129
2203537679,0.3023647032993424
2203559799,0.15092194340530388
2203532791,0.10786295676706702
2203558162,0.04093653492475774
2203501421,0.5371265157187263
2203556703,0.15962222941149154
2203555247,0.2837462882725124
2203539871,0.0
2203558887,0.192208500185034
2203543027,0.2698991684600001
2203558994,0.14099561704561828
2203550827,0.051246421624204584
2203548726,0.10068382289625477
2203536293,0.36620470373932
2203555985,0.2861759796794812
2203528308,0.2486319680373227
2203549599,0.2634047771527205
2203556381,0.22772702032529646
2203502233,0.11814723372292141
2203556551,0.15533335335604437
2203547965,0.6931471805599458
2203531351,0.2948445870852358
2203491452,0.5420292773272248
2203510148,1.186304137507485
2203558419,0.1582196317731352
2203496307,0.0
2203542373,0.7924510835834613
2203529065,0.36997094268347497
2203486879,1.8761567515957347
2203558930,0.12872733353256127
2203543589,0.18135367988800824
2203510182,0.29241008938288465
2203511573,0.008056490116899472
2203554031,0.03157446956638845
2203553997,0.057542508514290755
2203557311,0.1921702821999521
2203553055,1.5342060441992964
2203515821,0.23544049234331374
2203512498,0.0
2203549847,0.0
2203557189,0.24531301838680572
2203549551,0.23145383132939895
2203534703,0.006931471805599453
2203558853,0.20852243964559988
2203555862,0.09483767764608558
2203539142,0.29584570305146124
2203555697,0.38774085835367095
2203523950,0.0994948078147904
2203538581,1.2281788400874143
2203558817,0.7658374327049919
2203540389,0.21233992351389777
2203554643,0.43324557044748924
2203556717,0.7696516780917959
2203508097,0.0452421868350175
2203546281,0.7032339327796641
2203558662,0.46365656418545087
2203530753,0.09892179446363566
2203494050,0.1970567152552294
2203530912,0.03635426853926194
2203516760,0.1255534528488114
2203498912,0.3177074959117763
2203554664,0.22291213259368842
2203506199,0.4793515194781173
2203557993,0.26075856466624225
2203549470,0.0768849146651573
2203541483,0.37266932938549663
2203552279,0.6439735704758042
2203557224,0.11664781556999733
2203505404,0.09188343996289666
2203549298,0.08612374563665862
2203488712,0.14951037177545115
2203552327,0.3251044942561656
2203554241,0.7279609312454696
2203541699,0.0
2203524807,0.17302850875916342
2203547140,0.15864818890549942
2203559822,0.6171677268024043
2203530935,1.212850442426141
2203554624,0.4321815620264963
2203541132,0.4001733773548041
2203501207,0.4597396891620174
2203514977,0.3400912446570674
2203536880,1.0789630881577883
2203541416,0.033760958819365014
2203536771,0.0
2203546059,0.0
2203559599,0.2177375499424875
2203557847,0.10814312327001456
2203556565,0.41985365070999703
2203558988,0.2849060762657681
2203545168,0.049937793493620625
2203554162,0.12711279765291064
2203542615,0.2722676417546894
2203451495,0.356389832550453
2203524163,0.28479370328553977
2203551102,0.2877903578155868
2203530437,0.6264816761330472
2203526167,0.0
2203524621,0.7551333236489681
2203496252,0.2414656146387213
2203553577,0.25271816341006337
2203472638,0.46572731117700256
2203527729,0.015920117803793078
2203556801,0.2529374858619912
2203532916,0.08086939822375103
2203556074,0.25653408720295345
2203552993,0.16727257368525564
2203525717,0.30381977282056666
2203558730,0.34591872749735086
2203491316,0.2272968549733651
2203539702,0.3042902466548746
2203535990,0.3391827709380498
2203526493,0.01791759469228055
2203540718,0.4519615610431354
2203520055,0.05001921884243953
2203550240,0.2533406071103452
2203490208,0.10634924069451383
2203511677,0.006065037829899521
2203491655,0.010593512767826486
2203550994,0.8749331693242194
2203529768,0.21058198777363504
2203531111,0.37487046586792416
2203556973,0.29844872407997747
2203512681,0.5159112767785045
2203530002,0.8059874653460959
2203540844,0.11535255019983952
2203529367,0.2782244356618808
2203526832,0.0813535160201069
2203542996,0.2698991684600001
2203531519,0.26032978502092485
2203559650,0.4326528857328518
2203550898,0.10028807565225352
2203502317,0.38489346964231497
2203537517,0.31734413768499103
2203519006,0.9851908055667598
2203540151,0.25073305758863024
2203553770,0.24376286362562127
2203547919,0.0
2203556440,0.5333472707659326
2203512410,1.1228991020601429
2203550551,0.47690352088657356
2203537281,0.4346658480096918
2203553373,0.1012111215587633
2203557998,0.08326252599899682
2203558629,0.3024282954855795
2203549062,0.4553481553341176
2203523061,0.06414999178524083
2203536893,0.14331851998333597
2203547772,0.17296676614355252
2203502399,0.28704430480135845
2203513576,0.626310758447427
2203539335,0.006931471805599453
2203526674,0.06475584575524569
2203529016,0.17302850875916342
2203556293,0.49907228925302455
2203557616,0.18370717534509284
2203556423,0.3372468246314184
2203532417,0.05315418958900376
2203559222,0.3148411404915105
2203508697,0.013458805330323976
2203477385,0.4433787856133805
2203500613,0.05750862670569212
2203507308,0.3554638020758778
2203540121,0.05583229681394598
2203550884,0.7889592407052259
2203555401,0.49144603479408844
2203536054,0.6136502335825135
2203557816,0.11091794320030238
2203556630,0.09014743398684401
2203504534,0.10332852907657543
2203553886,0.14123282184155828
2203554444,0.3585642660825299
2203534087,0.16100985436891066
2203556733,0.6692713305254966
2203555923,0.17253022490339745
2203559524,0.17062539158558748
2203557761,0.07324255207916755
2203558418,0.13119328053866086
2203534587,0.31267204529836506
2203555755,0.03376616979584877
2203516361,0.03916021021339503
2203558139,0.09733392730126895
2203542640,0.0
2203527600,0.32122160218839535
2203558800,0.25238952272006643
2203550581,0.5421524047698992
2203521123,0.05100961290646563
2203529202,0.06839052181524795
2203501958,0.08122503718342221
2203533628,0.37775266467585167
2203467525,0.1797314778915659
2203550681,0.22881188322887977
2203556808,0.09834184311735562
2203523620,0.0
2203530652,0.0
2203556437,0.15038141881546355
2203523367,0.2944925631146541
2203540822,0.02657064192146457
2203529358,0.1113802787215392
2203520176,0.0
2203558146,0.0
2203557612,0.1616159124479183
2203556238,0.26310203512684666
2203557882,0.08039957177685399
2203534491,0.697874271253612
2203506567,0.6530354101837967
2203551637,0.5342424854450613
2203555194,0.0519860385419959
2203507411,0.2239861056962817
2203550800,0.3300974491047136
2203556392,0.3681416442919524
2203520875,0.22424179879299996
2203557408,0.17288161757576567
2203510820,0.4120763439265083
2203502014,0.11107692814701066
2203545001,0.3734996727674158
2203551938,0.9271410918472752
2203558374,0.042199460492661434
2203558869,0.08595025038943321
2203526886,0.0392870404987233
2203508677,0.07749524521183776
2203552298,0.3165157273017416
2203552376,0.03604365338911715
2203540753,0.5488260099413249
2203533072,0.21529516258908785
2203549559,0.002772588722239781
2203504108,0.2040328236491095
2203533446,0.04158883083359671
2203553481,0.08839885057702362
2203558072,0.1902330984971866
2203551505,0.22649247017818763
2203544668,0.0
2203528314,0.6282921861490816
2203557574,0.07350139925023572
2203530006,0.0
2203559066,0.13821584829213118
2203532315,0.0
2203548367,0.2409128329311745
2203526917,0.3737218548519039
2203512365,0.314069938563001
2203541247,0.2921759564195436
2203536011,0.006931471805599453
2203530847,0.28763028798093676
2203548019,0.22006059231665442
2203554538,0.4381962766955196
2203546417,0.25071081535814393
2203524180,0.05100961290646563
2203506508,0.04637484708032015
2203501632,0.12599404328482608
2203553191,0.21195646455013453
2203508653,0.012784714663661212
2203557317,0.2009915736270707
2203556237,0.23018571981171912
2203518359,0.3125604104309457
2203554741,0.09595353368330517
2203506189,0.5709516670119753
2203557783,0.10814312327001456
2203558486,0.16570280016440914
2203514680,0.20315538733721028
2203536254,0.0694693311460175
2203551857,0.03344339138815609
2203522926,0.000990210257942779
2203555861,0.1676571884460141
2203504926,0.22130203875940704
2203540829,0.0
2203543219,0.4420757385490375
2203537731,0.0
2203544659,0.1167756735759424
2203532151,0.1496873077884702
2203553048,1.1308028877972662
2203466133,1.3587312974332912
2203447417,0.02252728336819822
2203555275,0.14659543427421892
2203488688,0.06272634689573614
2203526659,0.19129518283974867
2203472170,0.023933804844510676
2203534209,0.06951739381898574
2203514849,0.45704518922699583
2203544859,0.22283982235105015
2203506179,0.0023104906018664843
2203551708,0.07242390500371033
2203556300,0.038355894362651716
2203557163,0.01732867951399863
2203558036,0.23569262644601197
2203559056,0.18874507750009303
2203501363,0.0
2203514401,0.042050928953970015
2203538017,0.08282066924209673
2203512264,0.08460668471103848
2203558070,0.2113935246541801
2203556593,0.06365401608142164
2203558453,0.09100963069279161
2203524664,0.0
2203553703,0.2804067136160631
2203513675,0.02617805856162362
2203558361,0.05527848764965562
2203518713,0.20468049064827365
2203499462,0.1598376323547632
2203527020,0.45428355337610815
2203558862,0.4704982932571076
2203526972,0.2300234739182737
2203553252,0.027621655220119785
2203550334,0.027725887222397813
2203556190,0.20897349315625255
2203488167,0.025437981676161927
2203556138,0.08700922524862204
2203486538,0.022231690212792907
2203512610,0.1814433493094837
2203556623,0.1994223726652198
2203536295,0.0
2203557785,0.09944810499157108
2203556156,0.11227657241647244
2203555214,0.0
2203559454,0.15361027761388715
2203505317,0.006931471805599453
2203519516,0.15103181959272238
2203488077,0.0
2203523785,0.13357710424898364
2203503194,0.17753388527652217
2203501501,0.02155661739022026
2203519193,0.14892241181811022
2203526345,0.5126819034056092
2203553459,0.058257370175633504
2203502797,0.013862943611198907
2203531996,0.44419466753446507
2203558878,0.9261483770912617
2203512461,0.09140567215215663
2203558746,0.08037178731462019
2203517279,0.3193758151951443
2203555337,0.03753794146378107
2203487076,0.35929097260802934
2203553917,0.006931471805599453
2203557879,0.1832592409306739
2203541644,1.0195094792416868
2203482014,0.2536205452481792
2203512416,1.6660205072365775
2203545276,0.09415249202605924
2203536641,0.04646344615314693
2203524541,0.18308085654422687
2203519877,0.1487751779401064
2203556230,0.11553416072482632
2203505330,0.2994087677665968
2203533113,0.1327977397588496
2203498115,0.23390331472207562
2203502335,0.019375114047080377
2203520608,0.08265837361750972
2203532619,0.028903717578961645
2203528580,0.2920708309776985
2203537266,0.0
2203510982,0.05134065333062019
2203513405,0.130047450439726
2203556266,0.17072276630267516
2203554793,0.6340512365565436
2203480299,0.09546257371109722
2203554129,0.170343409539076
2203540540,0.7484426718200914
2203559216,0.11296648692697202
2203514439,0.09779151472399895
2203517733,0.36681721224195374
2203508204,0.058940095403225944
2203527865,0.28969297614408923
2203522920,0.31267204529836506
2203553465,0.040111333470483554
2203558410,0.26102951638823507
2203550303,0.0034657359027997266
2203539554,0.05838712347844484
2203557730,0.2810692950982921
2203528310,0.22116374390911833
2203550907,0.1832592409306739
2203533271,0.12961077278756458
2203557999,0.006931471805599453
2203510770,0.0215905497445947
2203485850,0.275002812148066
2203546471,0.004852030263919616
2203471106,0.2536205452481792
2203526430,1.0465584949592206
2203501631,0.1261551060620584
2203513711,0.11472149833309578
2203505882,0.013862943611198907
2203494607,0.013662296071368476
2203528680,0.3291810876794932
2203518122,0.25501053133882795
2203542882,0.03350211372706402
2203556420,0.036401519507212425
2203557128,0.43809521616258573
2203529837,0.1589374999269699
2203527337,0.3100100765054354
2203503338,0.3010064173250731
2203554598,0.1865315184589431
2203542339,0.0
2203488249,0.010512732238492504
2203546693,0.4678541756361861
2203546159,0.1090241274099647
2203533206,0.44359425442371025
2203550230,0.016033707294826366
2203538198,0.0
2203554979,0.049675547940129426
2203553318,0.1951209313276245
2203554668,0.19258721020906427
2203553926,0.14830903157499567
2203545211,0.32569469538662277
2203548815,0.29533091023305663
2203526569,0.008517623586964323
2203547910,0.22614963222245257
2203559060,0.022065185247824925
2203502165,0.1422332657157143
2203559103,0.10540354155637285
2203545656,0.029614235720517676
2203550447,0.039780220877390804
2203523262,0.08210976215648885
2203557325,0.10469624673318473
2203556024,0.29049758979792517
2203559584,0.20011297114860072
2203557564,0.2072566172860701
2203550014,0.12274929173371703
2203544677,0.2845341292260458
2203527303,0.1850126718106665
2203541796,0.14367125667534772
2203500924,1.1262512126113495
2203555359,0.2716939513868194
2203501134,0.23791766456006902
2203554832,0.11568352745272012
2203559133,0.053240885251955285
2203556948,0.09888899775988554
2203550191,0.0
2203539070,0.0
2203476122,0.12868072281312848
2203530675,0.05593277657096452
2203543494,0.18500052109513787
2203547002,0.10692128356865326
2203548584,0.18500052109513787
2203544758,0.8446961417790285
2203542040,0.10496228734193457
2203514788,0.14548050338718643
2203555006,0.06185429505166
2203503039,0.07112489255240588
2203515525,0.7330414796865757
2203537029,0.3469201638702525
2203546279,0.6558747983672759
2203557249,0.48386020781775135
2203529938,0.5937096576663358
2203532063,0.10858574231206482
2203547654,0.060430621766623865
2203532269,0.0889509854838898
2203553271,0.1352204396603749
2203521054,0.023994358258652097
2203505459,0.11195462457171935
2203513798,0.08635328350063892
2203545100,0.009634572526320549
2203554270,0.0017328679513998633
2203547245,0.01259217378017234
2203552147,0.09378017447163972
2203515002,0.013862943611198903
2203542131,0.0
2203517856,0.11387878809744155
2203506156,0.07444470240475605
2203505411,0.0
2203520441,0.0
2203555412,0.21382197574728756
2203541186,0.0
2203525826,0.3488924300143825
2203558084,0.3171019538417429
2203536283,0.3119558344780834
2203505155,0.008953151082232626
2203502944,0.1425846089851148
2203557337,0.28652110129385977
2203528264,0.23839549049314443
2203557972,0.23528439171277482
2203501725,0.28224610414928963
2203552988,0.24869478234541853
2203559205,0.09508798079462114
2203530735,0.3011683724826385
2203558388,0.029470047701612972
2203489992,0.09682258885633298
2203481578,0.0
2203557233,0.22968535088115904
2203546574,0.23863372627433194
2203536590,0.062276263664067216
2203513404,0.04276666119016055
2203546276,0.10951725083146271
2203554332,0.4700127201796455
2203505500,0.13415944590102766
2203535754,0.0
2203520644,0.2626362289120442
2203537581,0.04712701885542807
2203554880,0.14553267290104163
2203526075,0.07100738348234746
2203553875,0.37283927734685945
2203546493,0.11957305143689266
2203539296,0.06441330567173194
2203514587,0.03198464827608073
2203558062,0.1819407129440182
2203538196,0.0046209812037329686
2203557928,0.40028507154013176
2203501600,0.07852563425576425
2203559012,0.2017000291681401
2203538105,0.07020305529148091
2203518528,0.09264100134116482
2203548786,0.0577848501022927
2203513019,0.115490645115861
2203558917,0.4067509788435371
2203551515,0.12395869136498466
2203557267,0.3414654891021622
2203549122,0.0
2203552826,0.39853514959542885
2203544526,0.02118702553565297
2203552482,0.18725657935985587
2203529527,0.013862943611198907
2203555102,0.12685143521056969
2203489391,0.1931130049712406
2203547052,0.2320641637887356
2203521258,0.0816598385248232
2203514453,0.09836204638877977
2203529525,0.2080425604818026
2203555544,0.19163423005554073
2203532843,0.1378187392963258
2203502299,0.25222745442310435
2203547193,0.0
2203522860,0.48013645057215426
2203520576,0.0
2203529206,0.22281584041806338
2203545270,0.3410160283573889
2203497318,0.19870827331184912
2203515006,0.036625315358817814
2203549717,0.040739335649619735
2203551551,0.009090891868113129
2203549647,0.023971339994364772
2203555943,0.07978662682116332
2203515554,0.32381544867005535
2203501249,0.09371703427531283
2203553342,0.071262131563282
2203558223,0.1989773671531429
2203530592,0.3469201638702525
2203548245,0.23783393173521244
2203543484,0.39201402908115385
2203555623,0.46578695931414343
2203538647,0.18500636480950608
2203542935,0.0719190311514744
2203552921,0.04134677943721071
2203538197,0.0046209812037329686
2203544067,0.28621083980937106
2203557301,0.7591202951307733
2203506336,0.5238388118731508
2203533810,0.7267184047201717
